symbol,A,Z,name,monoisotopic_mass,natural_abundance
n,1.0,0,neutron,1.00866491588,0.0
H,1.0,1,hydrogen,1.007825032,99.9885
H,2.0,1,hydrogen,2.014101778,0.0115
H,3.0,1,hydrogen,3.016049278,0.0
H,4.0,1,hydrogen,4.026431864,
H,5.0,1,hydrogen,5.035311489,
H,6.0,1,hydrogen,6.044955433,
He,3.0,2,helium,3.01602932,0.000137
He,4.0,2,helium,4.002603254,99.999863
He,5.0,2,helium,5.012057224,
He,6.0,2,helium,6.018885891,
He,7.0,2,helium,7.027990654,
He,8.0,2,helium,8.03393439,
He,9.0,2,helium,9.043946494,
He,10.0,2,helium,10.05278866,
Li,4.0,3,lithium,4.027185559,
Li,5.0,3,lithium,5.0125378,
Li,6.0,3,lithium,6.015122887,7.59
Li,7.0,3,lithium,7.016003437,92.41
Li,8.0,3,lithium,8.022486246,
Li,9.0,3,lithium,9.026790191,
Li,10.0,3,lithium,10.03548345,
Li,11.0,3,lithium,11.04372358,
Li,12.0,3,lithium,12.05251732,
Li,13.0,3,lithium,13.06263152,
Be,6.0,4,beryllium,6.019726411,
Be,7.0,4,beryllium,7.016928717,
Be,8.0,4,beryllium,8.005305102,
Be,9.0,4,beryllium,9.012183065,100.0
Be,10.0,4,beryllium,10.0135347,
Be,11.0,4,beryllium,11.02166108,
Be,12.0,4,beryllium,12.02692208,
Be,13.0,4,beryllium,13.03613451,
Be,14.0,4,beryllium,14.04289292,
Be,16.0,4,beryllium,16.06167204,
B,7.0,5,boron,7.029712,
B,8.0,5,boron,8.024607326,
B,9.0,5,boron,9.013329649,
B,10.0,5,boron,10.01293695,19.9
B,11.0,5,boron,11.00930536,80.1
B,12.0,5,boron,12.01435266,
B,13.0,5,boron,13.01778017,
B,14.0,5,boron,14.02540401,
B,15.0,5,boron,15.03108768,
B,16.0,5,boron,16.03984166,
B,17.0,5,boron,17.04698991,
B,18.0,5,boron,18.05566019,
C,8.0,6,carbon,8.037643042,
C,9.0,6,carbon,9.031037204,
C,10.0,6,carbon,10.01685331,
C,11.0,6,carbon,11.01143356,
C,12.0,6,carbon,12.0,98.93
C,13.0,6,carbon,13.00335484,1.07
C,14.0,6,carbon,14.00324199,0.0
C,15.0,6,carbon,15.01059926,
C,16.0,6,carbon,16.01470125,
C,17.0,6,carbon,17.02257747,
C,18.0,6,carbon,18.02675071,
C,19.0,6,carbon,19.03479637,
C,20.0,6,carbon,20.04031975,
C,22.0,6,carbon,22.0575315,
N,10.0,7,nitrogen,10.04165363,
N,11.0,7,nitrogen,11.02609103,
N,12.0,7,nitrogen,12.01861319,
N,13.0,7,nitrogen,13.00573861,
N,14.0,7,nitrogen,14.003074,99.632
N,15.0,7,nitrogen,15.0001089,0.368
N,16.0,7,nitrogen,16.00610193,
N,17.0,7,nitrogen,17.00844887,
N,18.0,7,nitrogen,18.01407757,
N,19.0,7,nitrogen,19.0170216,
N,20.0,7,nitrogen,20.02336581,
N,21.0,7,nitrogen,21.02710824,
N,22.0,7,nitrogen,22.03439493,
O,12.0,8,oxygen,12.03426184,
O,13.0,8,oxygen,13.02481545,
O,14.0,8,oxygen,14.00859636,
O,15.0,8,oxygen,15.00306562,
O,16.0,8,oxygen,15.99491462,99.757
O,17.0,8,oxygen,16.99913176,0.038
O,18.0,8,oxygen,17.99915961,0.205
O,19.0,8,oxygen,19.00357797,
O,20.0,8,oxygen,20.00407535,
O,21.0,8,oxygen,21.00865481,
O,22.0,8,oxygen,22.00996606,
O,23.0,8,oxygen,23.01569592,
O,24.0,8,oxygen,24.019861,
O,25.0,8,oxygen,25.02935899,
O,26.0,8,oxygen,26.03728745,
F,14.0,9,fluorine,14.03431521,
F,15.0,9,fluorine,15.01804285,
F,16.0,9,fluorine,16.01146573,
F,17.0,9,fluorine,17.00209524,
F,18.0,9,fluorine,18.00093733,
F,19.0,9,fluorine,18.99840316,100.0
F,20.0,9,fluorine,19.99998125,
F,21.0,9,fluorine,20.99994889,
F,22.0,9,fluorine,22.00299881,
F,23.0,9,fluorine,23.0035567,
F,24.0,9,fluorine,24.00811549,
F,25.0,9,fluorine,25.01219923,
F,26.0,9,fluorine,26.02003777,
F,27.0,9,fluorine,27.026441,
F,28.0,9,fluorine,28.0353421,
Ne,16.0,10,neon,16.0257502,
Ne,17.0,10,neon,17.01771396,
Ne,18.0,10,neon,18.0057087,
Ne,19.0,10,neon,19.00188091,
Ne,20.0,10,neon,19.99244018,90.48
Ne,21.0,10,neon,20.99384669,0.27
Ne,22.0,10,neon,21.99138511,9.25
Ne,23.0,10,neon,22.99446691,
Ne,24.0,10,neon,23.99361065,
Ne,25.0,10,neon,24.99778871,
Ne,26.0,10,neon,26.00051471,
Ne,27.0,10,neon,27.00755327,
Ne,28.0,10,neon,28.012122,
Ne,29.0,10,neon,29.019753,
Ne,30.0,10,neon,30.024734,
Ne,31.0,10,neon,31.033087,
Na,18.0,11,sodium,18.02687825,
Na,19.0,11,sodium,19.01388027,
Na,20.0,11,sodium,20.00735443,
Na,21.0,11,sodium,20.9976547,
Na,22.0,11,sodium,21.99443741,0.0
Na,23.0,11,sodium,22.98976928,100.0
Na,24.0,11,sodium,23.99096295,
Na,25.0,11,sodium,24.98995397,
Na,26.0,11,sodium,25.99263465,
Na,27.0,11,sodium,26.99407653,
Na,28.0,11,sodium,27.998939,
Na,29.0,11,sodium,29.00287707,
Na,30.0,11,sodium,30.00909793,
Na,31.0,11,sodium,31.01316266,
Na,32.0,11,sodium,32.020193,
Mg,19.0,12,magnesium,19.03416919,
Mg,20.0,12,magnesium,20.01885,
Mg,21.0,12,magnesium,21.01171614,
Mg,22.0,12,magnesium,21.99957065,
Mg,23.0,12,magnesium,22.99412421,
Mg,24.0,12,magnesium,23.9850417,78.99
Mg,25.0,12,magnesium,24.98583698,10.0
Mg,26.0,12,magnesium,25.98259297,11.01
Mg,27.0,12,magnesium,26.98434062,
Mg,28.0,12,magnesium,27.98387673,
Mg,29.0,12,magnesium,28.98861739,
Mg,30.0,12,magnesium,29.99046293,
Mg,31.0,12,magnesium,30.99664803,
Mg,32.0,12,magnesium,31.99911024,
Mg,33.0,12,magnesium,33.00532715,
Mg,34.0,12,magnesium,34.00893548,
Mg,35.0,12,magnesium,35.01679,
Mg,36.0,12,magnesium,36.021879,
Al,23.0,13,aluminium,23.00724435,
Al,24.0,13,aluminium,23.99994888,
Al,25.0,13,aluminium,24.9904281,
Al,26.0,13,aluminium,25.9868919,
Al,27.0,13,aluminium,26.98153853,100.0
Al,28.0,13,aluminium,27.98191021,
Al,29.0,13,aluminium,28.98045649,
Al,30.0,13,aluminium,29.98296022,
Al,31.0,13,aluminium,30.98394517,
Al,32.0,13,aluminium,31.98808524,
Al,33.0,13,aluminium,32.99090898,
Al,34.0,13,aluminium,33.9967054,
Al,35.0,13,aluminium,34.999764,
Al,36.0,13,aluminium,36.006388,
Al,37.0,13,aluminium,37.010531,
Al,38.0,13,aluminium,38.017402,
Si,24.0,14,silicon,24.01153454,
Si,25.0,14,silicon,25.00410881,
Si,26.0,14,silicon,25.99233385,
Si,27.0,14,silicon,26.98670481,
Si,28.0,14,silicon,27.97692653,92.2297
Si,29.0,14,silicon,28.97649466,4.6832
Si,30.0,14,silicon,29.97377014,3.0872
Si,31.0,14,silicon,30.97536319,
Si,32.0,14,silicon,31.97415154,
Si,33.0,14,silicon,32.97797696,
Si,34.0,14,silicon,33.97857557,
Si,35.0,14,silicon,34.98458348,
Si,36.0,14,silicon,35.98669522,
Si,37.0,14,silicon,36.99292074,
Si,38.0,14,silicon,37.995523,
Si,39.0,14,silicon,39.002491,
Si,40.0,14,silicon,40.005829,
Si,41.0,14,silicon,41.013011,
P,27.0,15,phosphorus,26.99922441,
P,28.0,15,phosphorus,27.99232659,
P,29.0,15,phosphorus,28.98180079,
P,30.0,15,phosphorus,29.97831375,
P,31.0,15,phosphorus,30.973762,100.0
P,32.0,15,phosphorus,31.97390764,
P,33.0,15,phosphorus,32.97172569,
P,34.0,15,phosphorus,33.97364589,
P,35.0,15,phosphorus,34.97331406,
P,36.0,15,phosphorus,35.97825963,
P,37.0,15,phosphorus,36.97960684,
P,38.0,15,phosphorus,37.98425158,
P,39.0,15,phosphorus,38.98622721,
P,40.0,15,phosphorus,39.99133175,
P,41.0,15,phosphorus,40.994654,
P,42.0,15,phosphorus,42.001084,
P,43.0,15,phosphorus,43.005024,
S,28.0,16,sulfur,28.00437277,
S,29.0,16,sulfur,28.99661146,
S,30.0,16,sulfur,29.98490703,
S,31.0,16,sulfur,30.97955701,
S,32.0,16,sulfur,31.97207117,94.93
S,33.0,16,sulfur,32.97145891,0.76
S,34.0,16,sulfur,33.967867,4.29
S,35.0,16,sulfur,34.96903231,
S,36.0,16,sulfur,35.96708071,0.02
S,37.0,16,sulfur,36.97112551,
S,38.0,16,sulfur,37.97116333,
S,39.0,16,sulfur,38.9751342,
S,40.0,16,sulfur,39.97548256,
S,41.0,16,sulfur,40.97959345,
S,42.0,16,sulfur,41.9810651,
S,43.0,16,sulfur,42.98690764,
S,44.0,16,sulfur,43.99011885,
S,45.0,16,sulfur,44.995717,
Cl,31.0,17,chlorine,30.9924142,
Cl,32.0,17,chlorine,31.98568464,
Cl,33.0,17,chlorine,32.97745199,
Cl,34.0,17,chlorine,33.97376249,
Cl,35.0,17,chlorine,34.96885268,75.78
Cl,36.0,17,chlorine,35.96830681,0.0
Cl,37.0,17,chlorine,36.9659026,24.22
Cl,38.0,17,chlorine,37.96801044,
Cl,39.0,17,chlorine,38.96800818,
Cl,40.0,17,chlorine,39.97041547,
Cl,41.0,17,chlorine,40.97068453,
Cl,42.0,17,chlorine,41.9732548,
Cl,43.0,17,chlorine,42.97388858,
Cl,44.0,17,chlorine,43.97787454,
Cl,45.0,17,chlorine,44.98029,
Cl,46.0,17,chlorine,45.985174,
Ar,32.0,18,argon,31.99763783,
Ar,33.0,18,argon,32.98992555,
Ar,34.0,18,argon,33.98027009,
Ar,35.0,18,argon,34.97525759,
Ar,36.0,18,argon,35.96754511,0.3365
Ar,37.0,18,argon,36.96677633,
Ar,38.0,18,argon,37.96273211,0.0632
Ar,39.0,18,argon,38.96431304,0.0
Ar,40.0,18,argon,39.96238312,99.6003
Ar,41.0,18,argon,40.96450057,
Ar,42.0,18,argon,41.96304574,
Ar,43.0,18,argon,42.96563606,
Ar,44.0,18,argon,43.96492382,
Ar,45.0,18,argon,44.96803973,
Ar,46.0,18,argon,45.96808271,
Ar,47.0,18,argon,46.97293487,
K,35.0,19,potassium,34.98800541,
K,36.0,19,potassium,35.98130201,
K,37.0,19,potassium,36.97337589,
K,38.0,19,potassium,37.96908112,
K,39.0,19,potassium,38.96370649,93.2581
K,40.0,19,potassium,39.96399817,0.0117
K,41.0,19,potassium,40.96182526,6.7302
K,42.0,19,potassium,41.96240231,
K,43.0,19,potassium,42.9607347,
K,44.0,19,potassium,43.96158699,
K,45.0,19,potassium,44.96069149,
K,46.0,19,potassium,45.96198159,
K,47.0,19,potassium,46.96166161,
K,48.0,19,potassium,47.96534119,
K,49.0,19,potassium,48.96821076,
K,50.0,19,potassium,49.97238002,
K,51.0,19,potassium,50.97582804,
Ca,36.0,20,calcium,35.9930744,
Ca,37.0,20,calcium,36.98589785,
Ca,38.0,20,calcium,37.97631922,
Ca,39.0,20,calcium,38.97071081,
Ca,40.0,20,calcium,39.96259086,96.941
Ca,41.0,20,calcium,40.96227792,0.0
Ca,42.0,20,calcium,41.95861783,0.647
Ca,43.0,20,calcium,42.95876644,0.135
Ca,44.0,20,calcium,43.95548156,2.086
Ca,45.0,20,calcium,44.95618635,
Ca,46.0,20,calcium,45.95368902,0.004
Ca,47.0,20,calcium,46.95454243,
Ca,48.0,20,calcium,47.95252277,0.187
Ca,49.0,20,calcium,48.95566274,
Ca,50.0,20,calcium,49.95749922,
Ca,51.0,20,calcium,50.96098898,
Ca,52.0,20,calcium,51.96321715,
Sc,39.0,21,scandium,38.98478497,
Sc,40.0,21,scandium,39.97796729,
Sc,41.0,21,scandium,40.96925111,
Sc,42.0,21,scandium,41.96551653,
Sc,43.0,21,scandium,42.96115047,
Sc,44.0,21,scandium,43.95940288,
Sc,45.0,21,scandium,44.95590828,100.0
Sc,46.0,21,scandium,45.95516826,
Sc,47.0,21,scandium,46.95240374,
Sc,48.0,21,scandium,47.95222361,
Sc,49.0,21,scandium,48.95001463,
Sc,50.0,21,scandium,49.95217627,
Sc,51.0,21,scandium,50.95359196,
Sc,52.0,21,scandium,51.95687948,
Sc,53.0,21,scandium,52.95909,
Sc,54.0,21,scandium,53.96393,
Sc,55.0,21,scandium,54.96781889,
Ti,40.0,22,titanium,39.99049872,
Ti,41.0,22,titanium,40.983148,
Ti,42.0,22,titanium,41.97304903,
Ti,43.0,22,titanium,42.96852252,
Ti,44.0,22,titanium,43.95968995,
Ti,45.0,22,titanium,44.95812198,
Ti,46.0,22,titanium,45.95262772,8.25
Ti,47.0,22,titanium,46.95175879,7.44
Ti,48.0,22,titanium,47.94794198,73.72
Ti,49.0,22,titanium,48.94786568,5.41
Ti,50.0,22,titanium,49.94478689,5.18
Ti,51.0,22,titanium,50.94661065,
Ti,52.0,22,titanium,51.94689301,
Ti,53.0,22,titanium,52.94972593,
Ti,54.0,22,titanium,53.95104955,
Ti,55.0,22,titanium,54.95526806,
Ti,56.0,22,titanium,55.95791135,
Ti,57.0,22,titanium,56.96364163,
V,43.0,23,vanadium,42.980766,
V,44.0,23,vanadium,43.97411,
V,45.0,23,vanadium,44.96577482,
V,46.0,23,vanadium,45.96019878,
V,47.0,23,vanadium,46.95490491,
V,48.0,23,vanadium,47.95225222,
V,49.0,23,vanadium,48.9485118,
V,50.0,23,vanadium,49.94715601,0.25
V,51.0,23,vanadium,50.94395704,99.75
V,52.0,23,vanadium,51.94477301,
V,53.0,23,vanadium,52.94433674,
V,54.0,23,vanadium,53.94643862,
V,55.0,23,vanadium,54.94724215,
V,56.0,23,vanadium,55.95048481,
V,57.0,23,vanadium,56.95251887,
V,58.0,23,vanadium,57.95671524,
V,59.0,23,vanadium,58.95938566,
V,60.0,23,vanadium,59.96431329,
V,61.0,23,vanadium,60.96725,
Cr,45.0,24,chromium,44.97905,
Cr,46.0,24,chromium,45.96835886,
Cr,47.0,24,chromium,46.96289736,
Cr,48.0,24,chromium,47.95402906,
Cr,49.0,24,chromium,48.95133335,
Cr,50.0,24,chromium,49.94604183,4.345
Cr,51.0,24,chromium,50.94476502,
Cr,52.0,24,chromium,51.94050623,83.789
Cr,53.0,24,chromium,52.94064815,9.501
Cr,54.0,24,chromium,53.93887916,2.365
Cr,55.0,24,chromium,54.94083843,
Cr,56.0,24,chromium,55.94065314,
Cr,57.0,24,chromium,56.94361301,
Cr,58.0,24,chromium,57.94435313,
Cr,59.0,24,chromium,58.94858637,
Cr,60.0,24,chromium,59.95007603,
Cr,61.0,24,chromium,60.95442259,
Cr,62.0,24,chromium,61.95609745,
Cr,63.0,24,chromium,62.96165073,
Mn,47.0,25,manganese,46.975775,
Mn,48.0,25,manganese,47.96852,
Mn,49.0,25,manganese,48.9595953,
Mn,50.0,25,manganese,49.95423778,
Mn,51.0,25,manganese,50.94820848,
Mn,52.0,25,manganese,51.94556395,
Mn,53.0,25,manganese,52.94128889,0.0
Mn,54.0,25,manganese,53.94035762,
Mn,55.0,25,manganese,54.93804391,100.0
Mn,56.0,25,manganese,55.93890369,
Mn,57.0,25,manganese,56.9382861,
Mn,58.0,25,manganese,57.94006665,
Mn,59.0,25,manganese,58.94039111,
Mn,60.0,25,manganese,59.94313658,
Mn,61.0,25,manganese,60.94445254,
Mn,63.0,25,manganese,62.94966468,
Mn,64.0,25,manganese,63.95384937,
Mn,65.0,25,manganese,64.95601975,
Mn,66.0,25,manganese,65.96054683,
Fe,49.0,26,iron,48.973429,
Fe,50.0,26,iron,49.96297493,
Fe,51.0,26,iron,50.95684102,
Fe,52.0,26,iron,51.94811315,
Fe,53.0,26,iron,52.94530643,
Fe,54.0,26,iron,53.93960899,5.845
Fe,55.0,26,iron,54.93829199,
Fe,56.0,26,iron,55.93493633,91.754
Fe,57.0,26,iron,56.93539284,2.119
Fe,58.0,26,iron,57.93327443,0.282
Fe,59.0,26,iron,58.93487434,
Fe,60.0,26,iron,59.9340711,
Fe,61.0,26,iron,60.93674624,
Fe,62.0,26,iron,61.93679181,
Fe,63.0,26,iron,62.9402727,
Fe,64.0,26,iron,63.94098776,
Fe,65.0,26,iron,64.94501146,
Fe,66.0,26,iron,65.94624996,
Fe,67.0,26,iron,66.9505434,
Fe,68.0,26,iron,67.95295155,
Co,51.0,27,cobalt,50.970647,
Co,53.0,27,cobalt,52.95420408,
Co,54.0,27,cobalt,53.94845987,
Co,55.0,27,cobalt,54.9419972,
Co,56.0,27,cobalt,55.9398388,
Co,57.0,27,cobalt,56.93629057,
Co,58.0,27,cobalt,57.93575207,
Co,59.0,27,cobalt,58.93319429,100.0
Co,60.0,27,cobalt,59.9338163,0.0
Co,61.0,27,cobalt,60.93247662,
Co,62.0,27,cobalt,61.93405881,
Co,63.0,27,cobalt,62.93360022,
Co,64.0,27,cobalt,63.93581076,
Co,65.0,27,cobalt,64.93646207,
Co,66.0,27,cobalt,65.93944295,
Co,67.0,27,cobalt,66.94060963,
Co,68.0,27,cobalt,67.94425759,
Co,69.0,27,cobalt,68.94614127,
Co,70.0,27,cobalt,69.94963,
Co,71.0,27,cobalt,70.95236692,
Ni,53.0,28,nickel,52.96819,
Ni,54.0,28,nickel,53.95789246,
Ni,55.0,28,nickel,54.95133063,
Ni,56.0,28,nickel,55.94212855,
Ni,57.0,28,nickel,56.93979218,
Ni,58.0,28,nickel,57.93534241,68.0769
Ni,59.0,28,nickel,58.9343462,
Ni,60.0,28,nickel,59.93078589,26.2231
Ni,61.0,28,nickel,60.93105557,1.1399
Ni,62.0,28,nickel,61.92834537,3.6345
Ni,63.0,28,nickel,62.92966963,
Ni,64.0,28,nickel,63.92796682,0.9256
Ni,65.0,28,nickel,64.93008517,
Ni,66.0,28,nickel,65.92913933,
Ni,67.0,28,nickel,66.93156941,
Ni,68.0,28,nickel,67.93186879,
Ni,69.0,28,nickel,68.93561027,
Ni,70.0,28,nickel,69.9364313,
Ni,71.0,28,nickel,70.94051896,
Ni,72.0,28,nickel,71.94178593,
Ni,73.0,28,nickel,72.94620668,
Cu,55.0,29,copper,54.966038,
Cu,57.0,29,copper,56.9492125,
Cu,58.0,29,copper,57.94453305,
Cu,59.0,29,copper,58.93949748,
Cu,60.0,29,copper,59.93736454,
Cu,61.0,29,copper,60.93345761,
Cu,62.0,29,copper,61.93259542,
Cu,63.0,29,copper,62.92959772,69.17
Cu,64.0,29,copper,63.92976434,
Cu,65.0,29,copper,64.9277897,30.83
Cu,66.0,29,copper,65.92886903,
Cu,67.0,29,copper,66.92773031,
Cu,68.0,29,copper,67.92961089,
Cu,69.0,29,copper,68.92942927,
Cu,70.0,29,copper,69.93239208,
Cu,71.0,29,copper,70.93267683,
Cu,72.0,29,copper,71.93582031,
Cu,73.0,29,copper,72.93667438,
Cu,74.0,29,copper,73.93987486,
Cu,75.0,29,copper,74.94152261,
Cu,76.0,29,copper,75.94527503,
Cu,78.0,29,copper,77.95223,
Zn,58.0,30,zinc,57.95459106,
Zn,59.0,30,zinc,58.94931266,
Zn,60.0,30,zinc,59.9418421,
Zn,61.0,30,zinc,60.93950719,
Zn,62.0,30,zinc,61.93433397,
Zn,63.0,30,zinc,62.93321147,
Zn,64.0,30,zinc,63.92914201,48.63
Zn,65.0,30,zinc,64.92924077,
Zn,66.0,30,zinc,65.92603381,27.9
Zn,67.0,30,zinc,66.92712775,4.1
Zn,68.0,30,zinc,67.92484455,18.75
Zn,69.0,30,zinc,68.92655068,
Zn,70.0,30,zinc,69.92531921,0.62
Zn,71.0,30,zinc,70.92771958,
Zn,72.0,30,zinc,71.92684281,
Zn,73.0,30,zinc,72.92958258,
Zn,74.0,30,zinc,73.92940726,
Zn,75.0,30,zinc,74.93284025,
Zn,76.0,30,zinc,75.93311496,
Zn,77.0,30,zinc,76.9368872,
Zn,78.0,30,zinc,77.93828921,
Zn,79.0,30,zinc,78.94263807,
Zn,80.0,30,zinc,79.94455293,
Zn,81.0,30,zinc,80.95040262,
Ga,61.0,31,gallium,60.94939898,
Ga,62.0,31,gallium,61.94419025,
Ga,63.0,31,gallium,62.9392942,
Ga,64.0,31,gallium,63.93684044,
Ga,65.0,31,gallium,64.93273459,
Ga,66.0,31,gallium,65.9315894,
Ga,67.0,31,gallium,66.92820255,
Ga,68.0,31,gallium,67.92798049,
Ga,69.0,31,gallium,68.92557354,60.108
Ga,70.0,31,gallium,69.92602193,
Ga,71.0,31,gallium,70.92470258,39.892
Ga,72.0,31,gallium,71.92636747,
Ga,73.0,31,gallium,72.92517468,
Ga,74.0,31,gallium,73.92694573,
Ga,75.0,31,gallium,74.92650025,
Ga,76.0,31,gallium,75.92882763,
Ga,77.0,31,gallium,76.9291543,
Ga,78.0,31,gallium,77.93160885,
Ga,79.0,31,gallium,78.9328523,
Ga,80.0,31,gallium,79.93642078,
Ga,81.0,31,gallium,80.93813384,
Ga,82.0,31,gallium,81.94317653,
Ga,83.0,31,gallium,82.9471203,
Ge,63.0,32,germanium,62.949628,
Ge,64.0,32,germanium,63.94168991,
Ge,65.0,32,germanium,64.93936814,
Ge,66.0,32,germanium,65.93386213,
Ge,67.0,32,germanium,66.93273386,
Ge,68.0,32,germanium,67.92809531,
Ge,69.0,32,germanium,68.92796448,
Ge,70.0,32,germanium,69.92424875,20.84
Ge,71.0,32,germanium,70.92495233,
Ge,72.0,32,germanium,71.92207583,27.54
Ge,73.0,32,germanium,72.92345896,7.73
Ge,74.0,32,germanium,73.92117776,36.28
Ge,75.0,32,germanium,74.92285837,
Ge,76.0,32,germanium,75.92140273,7.61
Ge,77.0,32,germanium,76.92354984,
Ge,78.0,32,germanium,77.92285291,
Ge,79.0,32,germanium,78.92536013,
Ge,80.0,32,germanium,79.92535078,
Ge,81.0,32,germanium,80.92883294,
Ge,82.0,32,germanium,81.92977403,
Ge,83.0,32,germanium,82.9345391,
Ge,84.0,32,germanium,83.93757509,
Ge,85.0,32,germanium,84.94296966,
As,65.0,33,arsenic,64.949611,
As,66.0,33,arsenic,65.94414878,
As,67.0,33,arsenic,66.93925111,
As,68.0,33,arsenic,67.93677413,
As,69.0,33,arsenic,68.9322463,
As,70.0,33,arsenic,69.9309262,
As,71.0,33,arsenic,70.9271138,
As,72.0,33,arsenic,71.92675229,
As,73.0,33,arsenic,72.92382909,
As,74.0,33,arsenic,73.9239286,
As,75.0,33,arsenic,74.92159457,100.0
As,76.0,33,arsenic,75.92239202,
As,77.0,33,arsenic,76.92064756,
As,78.0,33,arsenic,77.92182777,
As,79.0,33,arsenic,78.92094842,
As,80.0,33,arsenic,79.92247458,
As,81.0,33,arsenic,80.92213228,
As,82.0,33,arsenic,81.92474123,
As,83.0,33,arsenic,82.9252069,
As,84.0,33,arsenic,83.92930329,
As,85.0,33,arsenic,84.93216366,
As,86.0,33,arsenic,85.93670153,
As,87.0,33,arsenic,86.94029172,
Se,67.0,34,selenium,66.949994,
Se,68.0,34,selenium,67.94182524,
Se,69.0,34,selenium,68.93941485,
Se,70.0,34,selenium,69.93351552,
Se,71.0,34,selenium,70.93220943,
Se,72.0,34,selenium,71.92714051,
Se,73.0,34,selenium,72.92675488,
Se,74.0,34,selenium,73.92247593,0.89
Se,75.0,34,selenium,74.92252287,
Se,76.0,34,selenium,75.9192137,9.37
Se,77.0,34,selenium,76.91991415,7.63
Se,78.0,34,selenium,77.91730928,23.77
Se,79.0,34,selenium,78.91849929,0.0
Se,80.0,34,selenium,79.91652176,49.61
Se,81.0,34,selenium,80.91799302,
Se,82.0,34,selenium,81.9166995,8.73
Se,83.0,34,selenium,82.91911857,
Se,84.0,34,selenium,83.91846676,
Se,85.0,34,selenium,84.92226076,
Se,86.0,34,selenium,85.92431173,
Se,87.0,34,selenium,86.92868862,
Se,88.0,34,selenium,87.93141749,
Se,89.0,34,selenium,88.93666906,
Se,90.0,34,selenium,89.940096,
Br,69.0,35,bromine,68.9504973,
Br,70.0,35,bromine,69.94479232,
Br,71.0,35,bromine,70.93934216,
Br,72.0,35,bromine,71.93658862,
Br,73.0,35,bromine,72.9316715,
Br,74.0,35,bromine,73.92991018,
Br,75.0,35,bromine,74.92581045,
Br,76.0,35,bromine,75.92454158,
Br,77.0,35,bromine,76.9213792,
Br,78.0,35,bromine,77.9211459,
Br,79.0,35,bromine,78.91833758,50.69
Br,80.0,35,bromine,79.91852979,
Br,81.0,35,bromine,80.91628969,49.31
Br,82.0,35,bromine,81.91680325,
Br,83.0,35,bromine,82.91517562,
Br,84.0,35,bromine,83.91649642,
Br,85.0,35,bromine,84.91564576,
Br,86.0,35,bromine,85.91880543,
Br,87.0,35,bromine,86.92067402,
Br,88.0,35,bromine,87.92408329,
Br,89.0,35,bromine,88.92670456,
Br,90.0,35,bromine,89.93129285,
Br,91.0,35,bromine,90.93439862,
Br,92.0,35,bromine,91.9396316,
Br,93.0,35,bromine,92.943134,
Kr,71.0,36,krypton,70.9502657,
Kr,72.0,36,krypton,71.94209241,
Kr,73.0,36,krypton,72.9392892,
Kr,74.0,36,krypton,73.93308402,
Kr,75.0,36,krypton,74.93094575,
Kr,76.0,36,krypton,75.92591027,
Kr,77.0,36,krypton,76.92467,
Kr,78.0,36,krypton,77.92036494,0.35
Kr,79.0,36,krypton,78.92008292,
Kr,80.0,36,krypton,79.91637808,2.28
Kr,81.0,36,krypton,80.91659118,
Kr,82.0,36,krypton,81.91348273,11.58
Kr,83.0,36,krypton,82.91412716,11.49
Kr,84.0,36,krypton,83.91149773,57.0
Kr,85.0,36,krypton,84.91252726,0.0
Kr,86.0,36,krypton,85.91061063,17.3
Kr,87.0,36,krypton,86.91335476,
Kr,88.0,36,krypton,87.91444788,
Kr,89.0,36,krypton,88.91783545,
Kr,90.0,36,krypton,89.91952793,
Kr,91.0,36,krypton,90.92380631,
Kr,92.0,36,krypton,91.92617309,
Kr,93.0,36,krypton,92.93114717,
Kr,94.0,36,krypton,93.93414045,
Kr,95.0,36,krypton,94.93971092,
Kr,96.0,36,krypton,95.94301662,
Kr,97.0,36,krypton,96.94908879,
Rb,74.0,37,rubidium,73.94426589,
Rb,75.0,37,rubidium,74.9385732,
Rb,76.0,37,rubidium,75.93507303,
Rb,77.0,37,rubidium,76.9304016,
Rb,78.0,37,rubidium,77.92814187,
Rb,79.0,37,rubidium,78.92398986,
Rb,80.0,37,rubidium,79.92251644,
Rb,81.0,37,rubidium,80.91899394,
Rb,82.0,37,rubidium,81.91820902,
Rb,83.0,37,rubidium,82.91511418,
Rb,84.0,37,rubidium,83.91437523,
Rb,85.0,37,rubidium,84.91178974,72.17
Rb,86.0,37,rubidium,85.91116743,
Rb,87.0,37,rubidium,86.90918053,27.83
Rb,88.0,37,rubidium,87.91131559,
Rb,89.0,37,rubidium,88.9122783,
Rb,90.0,37,rubidium,89.91479845,
Rb,91.0,37,rubidium,90.91653717,
Rb,92.0,37,rubidium,91.91972839,
Rb,93.0,37,rubidium,92.92203927,
Rb,94.0,37,rubidium,93.92639481,
Rb,95.0,37,rubidium,94.92926,
Rb,96.0,37,rubidium,95.93413338,
Rb,97.0,37,rubidium,96.93717714,
Rb,98.0,37,rubidium,97.94168687,
Rb,99.0,37,rubidium,98.94502874,
Sr,75.0,38,strontium,74.94995277,
Sr,76.0,38,strontium,75.94176276,
Sr,77.0,38,strontium,76.93794546,
Sr,78.0,38,strontium,77.93217998,
Sr,79.0,38,strontium,78.92970766,
Sr,80.0,38,strontium,79.92451752,
Sr,81.0,38,strontium,80.9232114,
Sr,82.0,38,strontium,81.91839986,
Sr,83.0,38,strontium,82.91755437,
Sr,84.0,38,strontium,83.91341914,0.56
Sr,85.0,38,strontium,84.91293205,
Sr,86.0,38,strontium,85.90926061,9.86
Sr,87.0,38,strontium,86.90887753,7.0
Sr,88.0,38,strontium,87.90561254,82.58
Sr,89.0,38,strontium,88.9074511,
Sr,90.0,38,strontium,89.90773004,
Sr,91.0,38,strontium,90.91019544,
Sr,92.0,38,strontium,91.91103819,
Sr,93.0,38,strontium,92.91402423,
Sr,94.0,38,strontium,93.9153556,
Sr,95.0,38,strontium,94.91935294,
Sr,96.0,38,strontium,95.92170658,
Sr,97.0,38,strontium,96.92637396,
Sr,98.0,38,strontium,97.92868878,
Sr,99.0,38,strontium,98.93289067,
Sr,100.0,38,strontium,99.93576969,
Sr,101.0,38,strontium,100.9403517,
Sr,102.0,38,strontium,101.943791,
Y,79.0,39,yttrium,78.9373513,
Y,80.0,39,yttrium,79.9343561,
Y,81.0,39,yttrium,80.92945556,
Y,82.0,39,yttrium,81.9269314,
Y,83.0,39,yttrium,82.92248525,
Y,84.0,39,yttrium,83.92067209,
Y,85.0,39,yttrium,84.91643304,
Y,86.0,39,yttrium,85.91488598,
Y,87.0,39,yttrium,86.91087614,
Y,88.0,39,yttrium,87.90950156,
Y,89.0,39,yttrium,88.90584035,100.0
Y,90.0,39,yttrium,89.90714394,
Y,91.0,39,yttrium,90.90729744,
Y,92.0,39,yttrium,91.90894514,
Y,93.0,39,yttrium,92.90957789,
Y,94.0,39,yttrium,93.91159058,
Y,95.0,39,yttrium,94.91281606,
Y,96.0,39,yttrium,95.91589684,
Y,97.0,39,yttrium,96.91827411,
Y,98.0,39,yttrium,97.92238212,
Y,99.0,39,yttrium,98.92414798,
Y,100.0,39,yttrium,99.92771469,
Y,101.0,39,yttrium,100.9301477,
Y,102.0,39,yttrium,101.9343277,
Y,103.0,39,yttrium,102.937243,
Zr,80.0,40,zirconium,79.9404,
Zr,81.0,40,zirconium,80.93730889,
Zr,83.0,40,zirconium,82.92924215,
Zr,84.0,40,zirconium,83.9233269,
Zr,85.0,40,zirconium,84.92144445,
Zr,86.0,40,zirconium,85.9162972,
Zr,87.0,40,zirconium,86.91481799,
Zr,88.0,40,zirconium,87.91022129,
Zr,89.0,40,zirconium,88.90888144,
Zr,90.0,40,zirconium,89.90469766,51.45
Zr,91.0,40,zirconium,90.90563959,11.22
Zr,92.0,40,zirconium,91.90503468,17.15
Zr,93.0,40,zirconium,92.90646995,
Zr,94.0,40,zirconium,93.90631083,17.38
Zr,95.0,40,zirconium,94.90803853,
Zr,96.0,40,zirconium,95.90827143,2.8
Zr,97.0,40,zirconium,96.91095121,
Zr,98.0,40,zirconium,97.91272889,
Zr,99.0,40,zirconium,98.91666675,
Zr,100.0,40,zirconium,99.91800058,
Zr,101.0,40,zirconium,100.921448,
Zr,102.0,40,zirconium,101.9231409,
Zr,103.0,40,zirconium,102.9271907,
Zr,104.0,40,zirconium,103.9294357,
Zr,105.0,40,zirconium,104.9340082,
Nb,83.0,41,niobium,82.93729373,
Nb,85.0,41,niobium,84.92884584,
Nb,86.0,41,niobium,85.9257828,
Nb,87.0,41,niobium,86.92069375,
Nb,88.0,41,niobium,87.91822171,
Nb,89.0,41,niobium,88.91344507,
Nb,90.0,41,niobium,89.91125845,
Nb,91.0,41,niobium,90.90698966,
Nb,92.0,41,niobium,91.90718808,
Nb,93.0,41,niobium,92.906373,100.0
Nb,94.0,41,niobium,93.90727884,
Nb,95.0,41,niobium,94.9068324,
Nb,96.0,41,niobium,95.90809729,
Nb,97.0,41,niobium,96.90809593,
Nb,98.0,41,niobium,97.91032646,
Nb,99.0,41,niobium,98.91161318,
Nb,100.0,41,niobium,99.91432759,
Nb,101.0,41,niobium,100.9153103,
Nb,102.0,41,niobium,101.9180772,
Nb,103.0,41,niobium,102.9194572,
Nb,104.0,41,niobium,103.9228925,
Nb,105.0,41,niobium,104.9249465,
Nb,106.0,41,niobium,105.9289317,
Nb,107.0,41,niobium,106.9315937,
Nb,108.0,41,niobium,107.9360748,
Nb,109.0,41,niobium,108.939216,
Mo,85.0,42,molybdenum,84.93826074,
Mo,86.0,42,molybdenum,85.93117482,
Mo,87.0,42,molybdenum,86.9281962,
Mo,88.0,42,molybdenum,87.92196778,
Mo,89.0,42,molybdenum,88.91946815,
Mo,90.0,42,molybdenum,89.91393086,
Mo,91.0,42,molybdenum,90.91174531,
Mo,92.0,42,molybdenum,91.90680796,14.84
Mo,93.0,42,molybdenum,92.90680958,
Mo,94.0,42,molybdenum,93.9050849,9.25
Mo,95.0,42,molybdenum,94.90583877,15.92
Mo,96.0,42,molybdenum,95.90467612,16.68
Mo,97.0,42,molybdenum,96.90601812,9.55
Mo,98.0,42,molybdenum,97.90540482,24.13
Mo,99.0,42,molybdenum,98.90770851,
Mo,100.0,42,molybdenum,99.90747178,9.63
Mo,101.0,42,molybdenum,100.9103414,
Mo,102.0,42,molybdenum,101.9102834,
Mo,103.0,42,molybdenum,102.9130786,
Mo,104.0,42,molybdenum,103.9137344,
Mo,105.0,42,molybdenum,104.9169686,
Mo,106.0,42,molybdenum,105.9182595,
Mo,107.0,42,molybdenum,106.9221059,
Mo,108.0,42,molybdenum,107.9240335,
Mo,109.0,42,molybdenum,108.9284242,
Mo,110.0,42,molybdenum,109.9307037,
Mo,111.0,42,molybdenum,110.9356543,
Tc,87.0,43,technetium,86.93806719,
Tc,88.0,43,technetium,87.93378238,
Tc,89.0,43,technetium,88.92764865,
Tc,90.0,43,technetium,89.92407392,
Tc,91.0,43,technetium,90.9184254,
Tc,92.0,43,technetium,91.91526978,
Tc,93.0,43,technetium,92.91024595,
Tc,94.0,43,technetium,93.90965364,
Tc,95.0,43,technetium,94.90765361,
Tc,96.0,43,technetium,95.90786802,
Tc,97.0,43,technetium,96.90636671,
Tc,98.0,43,technetium,97.90721237,
Tc,99.0,43,technetium,98.90625084,0.0
Tc,100.0,43,technetium,99.90765388,
Tc,101.0,43,technetium,100.9073091,
Tc,102.0,43,technetium,101.9092097,
Tc,103.0,43,technetium,102.9091761,
Tc,104.0,43,technetium,103.9114249,
Tc,105.0,43,technetium,104.9116549,
Tc,106.0,43,technetium,105.9143576,
Tc,107.0,43,technetium,106.9154606,
Tc,108.0,43,technetium,107.9184957,
Tc,109.0,43,technetium,108.9202564,
Tc,110.0,43,technetium,109.9237435,
Tc,111.0,43,technetium,110.9259013,
Tc,112.0,43,technetium,111.9299458,
Tc,113.0,43,technetium,112.932569,
Ru,90.0,44,ruthenium,89.93034438,
Ru,91.0,44,ruthenium,90.92674186,
Ru,92.0,44,ruthenium,91.92023438,
Ru,93.0,44,ruthenium,92.91710444,
Ru,94.0,44,ruthenium,93.91134286,
Ru,95.0,44,ruthenium,94.91040576,
Ru,96.0,44,ruthenium,95.90759026,5.54
Ru,97.0,44,ruthenium,96.90754712,
Ru,98.0,44,ruthenium,97.90528681,1.87
Ru,99.0,44,ruthenium,98.90593408,12.76
Ru,100.0,44,ruthenium,99.90421426,12.6
Ru,101.0,44,ruthenium,100.9055769,17.06
Ru,102.0,44,ruthenium,101.9043441,31.55
Ru,103.0,44,ruthenium,102.9063186,
Ru,104.0,44,ruthenium,103.9054275,18.62
Ru,105.0,44,ruthenium,104.9077476,
Ru,106.0,44,ruthenium,105.9073291,
Ru,107.0,44,ruthenium,106.909972,
Ru,108.0,44,ruthenium,107.910188,
Ru,109.0,44,ruthenium,108.913326,
Ru,110.0,44,ruthenium,109.9140407,
Ru,111.0,44,ruthenium,110.9175699,
Ru,112.0,44,ruthenium,111.9188092,
Ru,113.0,44,ruthenium,112.922844,
Ru,114.0,44,ruthenium,113.9246136,
Ru,115.0,44,ruthenium,114.9288199,
Ru,116.0,44,ruthenium,115.9312192,
Ru,117.0,44,ruthenium,116.936103,
Rh,92.0,45,rhodium,91.93236769,
Rh,93.0,45,rhodium,92.92591278,
Rh,94.0,45,rhodium,93.92173045,
Rh,95.0,45,rhodium,94.9158979,
Rh,96.0,45,rhodium,95.91445305,
Rh,97.0,45,rhodium,96.91132922,
Rh,98.0,45,rhodium,97.91070784,
Rh,99.0,45,rhodium,98.90812824,
Rh,100.0,45,rhodium,99.90811726,
Rh,101.0,45,rhodium,100.9061606,
Rh,102.0,45,rhodium,101.9068374,
Rh,103.0,45,rhodium,102.905498,100.0
Rh,104.0,45,rhodium,103.9066492,
Rh,105.0,45,rhodium,104.9056885,
Rh,106.0,45,rhodium,105.9072868,
Rh,107.0,45,rhodium,106.9067478,
Rh,108.0,45,rhodium,107.9087145,
Rh,109.0,45,rhodium,108.9087488,
Rh,110.0,45,rhodium,109.9110794,
Rh,111.0,45,rhodium,110.9116423,
Rh,112.0,45,rhodium,111.9144032,
Rh,113.0,45,rhodium,112.9154393,
Rh,114.0,45,rhodium,113.9187183,
Rh,115.0,45,rhodium,114.9203116,
Rh,116.0,45,rhodium,115.9240585,
Rh,117.0,45,rhodium,116.9260354,
Rh,118.0,45,rhodium,117.9303402,
Rh,119.0,45,rhodium,118.932557,
Pd,94.0,46,palladium,93.9290376,
Pd,95.0,46,palladium,94.92488984,
Pd,96.0,46,palladium,95.91821508,
Pd,97.0,46,palladium,96.91647199,
Pd,98.0,46,palladium,97.91269834,
Pd,99.0,46,palladium,98.91177481,
Pd,100.0,46,palladium,99.90850481,
Pd,101.0,46,palladium,100.9082864,
Pd,102.0,46,palladium,101.9056022,1.02
Pd,103.0,46,palladium,102.9060809,
Pd,104.0,46,palladium,103.9040305,11.14
Pd,105.0,46,palladium,104.9050796,22.33
Pd,106.0,46,palladium,105.9034804,27.33
Pd,107.0,46,palladium,106.9051282,
Pd,108.0,46,palladium,107.9038916,26.46
Pd,109.0,46,palladium,108.9059504,
Pd,110.0,46,palladium,109.9051722,11.72
Pd,111.0,46,palladium,110.9076897,
Pd,112.0,46,palladium,111.9073297,
Pd,113.0,46,palladium,112.910261,
Pd,114.0,46,palladium,113.9103686,
Pd,115.0,46,palladium,114.9136585,
Pd,116.0,46,palladium,115.914297,
Pd,117.0,46,palladium,116.9179547,
Pd,118.0,46,palladium,117.9190667,
Pd,119.0,46,palladium,118.9233402,
Pd,120.0,46,palladium,119.9245511,
Pd,121.0,46,palladium,120.9289503,
Pd,122.0,46,palladium,121.9306317,
Ag,96.0,47,silver,95.93074391,
Ag,97.0,47,silver,96.92396533,
Ag,98.0,47,silver,97.92155997,
Ag,99.0,47,silver,98.91764577,
Ag,100.0,47,silver,99.91611545,
Ag,101.0,47,silver,100.912684,
Ag,102.0,47,silver,101.9117047,
Ag,103.0,47,silver,102.9089631,
Ag,104.0,47,silver,103.9086239,
Ag,105.0,47,silver,104.9065256,
Ag,106.0,47,silver,105.9066636,
Ag,107.0,47,silver,106.9050916,51.839
Ag,108.0,47,silver,107.9059503,
Ag,109.0,47,silver,108.9047553,48.161
Ag,110.0,47,silver,109.9061102,
Ag,111.0,47,silver,110.9052959,
Ag,112.0,47,silver,111.9070486,
Ag,113.0,47,silver,112.9065729,
Ag,114.0,47,silver,113.908823,
Ag,115.0,47,silver,114.9087674,
Ag,116.0,47,silver,115.9113868,
Ag,117.0,47,silver,116.9117739,
Ag,118.0,47,silver,117.9145955,
Ag,119.0,47,silver,118.9155703,
Ag,120.0,47,silver,119.9187848,
Ag,121.0,47,silver,120.9201253,
Ag,122.0,47,silver,121.9236644,
Ag,123.0,47,silver,122.9253371,
Ag,124.0,47,silver,123.9289312,
Ag,125.0,47,silver,124.931046,
Cd,98.0,48,cadmium,97.92738932,
Cd,99.0,48,cadmium,98.92492585,
Cd,100.0,48,cadmium,99.92034882,
Cd,101.0,48,cadmium,100.9185862,
Cd,102.0,48,cadmium,101.914482,
Cd,103.0,48,cadmium,102.9134165,
Cd,104.0,48,cadmium,103.9098564,
Cd,105.0,48,cadmium,104.9094639,
Cd,106.0,48,cadmium,105.9064599,1.25
Cd,107.0,48,cadmium,106.9066121,
Cd,108.0,48,cadmium,107.9041834,0.89
Cd,109.0,48,cadmium,108.9049867,
Cd,110.0,48,cadmium,109.9030066,12.49
Cd,111.0,48,cadmium,110.9041829,12.8
Cd,112.0,48,cadmium,111.9027629,24.13
Cd,113.0,48,cadmium,112.9044081,12.22
Cd,114.0,48,cadmium,113.9033651,28.73
Cd,115.0,48,cadmium,114.9054375,
Cd,116.0,48,cadmium,115.9047631,7.49
Cd,117.0,48,cadmium,116.907226,
Cd,118.0,48,cadmium,117.9069219,
Cd,119.0,48,cadmium,118.9098469,
Cd,120.0,48,cadmium,119.9098681,
Cd,121.0,48,cadmium,120.9129637,
Cd,122.0,48,cadmium,121.9134591,
Cd,123.0,48,cadmium,122.9168925,
Cd,124.0,48,cadmium,123.9176574,
Cd,125.0,48,cadmium,124.9212576,
Cd,126.0,48,cadmium,125.9224291,
Cd,127.0,48,cadmium,126.9264724,
Cd,128.0,48,cadmium,127.9278129,
Cd,129.0,48,cadmium,128.93215,
Cd,130.0,48,cadmium,129.9339407,
In,100.0,49,indium,99.93095718,
In,102.0,49,indium,101.9241071,
In,103.0,49,indium,102.9198819,
In,104.0,49,indium,103.9182145,
In,105.0,49,indium,104.9145023,
In,106.0,49,indium,105.9134637,
In,107.0,49,indium,106.9102901,
In,108.0,49,indium,107.9096935,
In,109.0,49,indium,108.9071514,
In,110.0,49,indium,109.9071698,
In,111.0,49,indium,110.9051085,
In,112.0,49,indium,111.9055377,
In,113.0,49,indium,112.9040618,4.29
In,114.0,49,indium,113.9049179,
In,115.0,49,indium,114.9038788,95.71
In,116.0,49,indium,115.90526,
In,117.0,49,indium,116.9045157,
In,118.0,49,indium,117.9063566,
In,119.0,49,indium,118.9058507,
In,120.0,49,indium,119.9079666,
In,121.0,49,indium,120.9078511,
In,122.0,49,indium,121.9102807,
In,123.0,49,indium,122.9104337,
In,124.0,49,indium,123.9131822,
In,125.0,49,indium,124.9136046,
In,126.0,49,indium,125.9165073,
In,127.0,49,indium,126.9174463,
In,128.0,49,indium,127.920401,
In,129.0,49,indium,128.9218053,
In,130.0,49,indium,129.9249766,
In,131.0,49,indium,130.9269715,
In,132.0,49,indium,131.9330013,
Sn,100.0,50,tin,99.9385042,
Sn,101.0,50,tin,100.9352592,
Sn,102.0,50,tin,101.9302908,
Sn,103.0,50,tin,102.9281053,
Sn,104.0,50,tin,103.9231052,
Sn,105.0,50,tin,104.9212684,
Sn,106.0,50,tin,105.9169574,
Sn,107.0,50,tin,106.9157137,
Sn,108.0,50,tin,107.9118943,
Sn,109.0,50,tin,108.9112921,
Sn,110.0,50,tin,109.9078448,
Sn,111.0,50,tin,110.9077401,
Sn,112.0,50,tin,111.9048239,0.97
Sn,113.0,50,tin,112.9051757,
Sn,114.0,50,tin,113.9027827,0.66
Sn,115.0,50,tin,114.9033447,0.34
Sn,116.0,50,tin,115.9017428,14.54
Sn,117.0,50,tin,116.902954,7.68
Sn,118.0,50,tin,117.9016066,24.22
Sn,119.0,50,tin,118.9033112,8.59
Sn,120.0,50,tin,119.9022016,32.58
Sn,121.0,50,tin,120.9042426,
Sn,122.0,50,tin,121.9034438,4.63
Sn,123.0,50,tin,122.9057252,
Sn,124.0,50,tin,123.9052766,5.79
Sn,125.0,50,tin,124.9077864,
Sn,126.0,50,tin,125.9076588,
Sn,127.0,50,tin,126.9103899,
Sn,128.0,50,tin,127.9105072,
Sn,129.0,50,tin,128.9134647,
Sn,130.0,50,tin,129.9139738,
Sn,131.0,50,tin,130.917045,
Sn,132.0,50,tin,131.9178267,
Sn,133.0,50,tin,132.9239134,
Sn,134.0,50,tin,133.9286821,
Sn,135.0,50,tin,134.9349086,
Sb,104.0,51,antimony,103.9364778,
Sb,105.0,51,antimony,104.9312759,
Sb,106.0,51,antimony,105.928638,
Sb,107.0,51,antimony,106.9241506,
Sb,108.0,51,antimony,107.9222267,
Sb,109.0,51,antimony,108.9181411,
Sb,110.0,51,antimony,109.9168543,
Sb,111.0,51,antimony,110.9132182,
Sb,112.0,51,antimony,111.9123999,
Sb,113.0,51,antimony,112.9093745,
Sb,114.0,51,antimony,113.9092902,
Sb,115.0,51,antimony,114.906598,
Sb,116.0,51,antimony,115.9067931,
Sb,117.0,51,antimony,116.9048415,
Sb,118.0,51,antimony,117.9055321,
Sb,119.0,51,antimony,118.9039455,
Sb,120.0,51,antimony,119.9050794,
Sb,121.0,51,antimony,120.903812,57.21
Sb,122.0,51,antimony,121.9051699,
Sb,123.0,51,antimony,122.9042132,42.79
Sb,124.0,51,antimony,123.905935,
Sb,125.0,51,antimony,124.905253,0.0
Sb,126.0,51,antimony,125.907253,
Sb,127.0,51,antimony,126.9069243,
Sb,128.0,51,antimony,127.9091456,
Sb,129.0,51,antimony,128.9091467,
Sb,130.0,51,antimony,129.9116621,
Sb,131.0,51,antimony,130.9119888,
Sb,132.0,51,antimony,131.9145077,
Sb,133.0,51,antimony,132.9152732,
Sb,134.0,51,antimony,133.9205357,
Sb,135.0,51,antimony,134.9251851,
Sb,136.0,51,antimony,135.9307459,
Sb,137.0,51,antimony,136.935555,
Te,105.0,52,tellurium,104.9433045,
Te,106.0,52,tellurium,105.9374997,
Te,107.0,52,tellurium,106.9350116,
Te,108.0,52,tellurium,107.9293805,
Te,109.0,52,tellurium,108.9273045,
Te,110.0,52,tellurium,109.9224581,
Te,111.0,52,tellurium,110.9210006,
Te,112.0,52,tellurium,111.9167279,
Te,113.0,52,tellurium,112.915891,
Te,114.0,52,tellurium,113.912089,
Te,115.0,52,tellurium,114.911902,
Te,116.0,52,tellurium,115.90846,
Te,117.0,52,tellurium,116.9086463,
Te,118.0,52,tellurium,117.9058536,
Te,119.0,52,tellurium,118.9064071,
Te,120.0,52,tellurium,119.9040593,0.09
Te,121.0,52,tellurium,120.9049438,
Te,122.0,52,tellurium,121.9030435,2.55
Te,123.0,52,tellurium,122.9042698,0.89
Te,124.0,52,tellurium,123.9028171,4.74
Te,125.0,52,tellurium,124.9044299,7.07
Te,126.0,52,tellurium,125.9033109,18.84
Te,127.0,52,tellurium,126.9052257,
Te,128.0,52,tellurium,127.9044613,31.74
Te,129.0,52,tellurium,128.9065965,
Te,130.0,52,tellurium,129.9062227,34.08
Te,131.0,52,tellurium,130.9085222,
Te,132.0,52,tellurium,131.9085467,
Te,133.0,52,tellurium,132.9109688,
Te,134.0,52,tellurium,133.911394,
Te,135.0,52,tellurium,134.9165557,
Te,136.0,52,tellurium,135.9201006,
Te,137.0,52,tellurium,136.9255989,
Te,138.0,52,tellurium,137.9294722,
Te,139.0,52,tellurium,138.9353672,
Te,140.0,52,tellurium,139.9394986,
I,108.0,53,iodine,107.9434816,
I,109.0,53,iodine,108.9380853,
I,110.0,53,iodine,109.935089,
I,111.0,53,iodine,110.9302692,
I,112.0,53,iodine,111.9280046,
I,113.0,53,iodine,112.9236501,
I,115.0,53,iodine,114.918048,
I,116.0,53,iodine,115.9168087,
I,117.0,53,iodine,116.9136483,
I,118.0,53,iodine,117.913074,
I,119.0,53,iodine,118.910074,
I,120.0,53,iodine,119.9100873,
I,121.0,53,iodine,120.9074051,
I,122.0,53,iodine,121.9075888,
I,123.0,53,iodine,122.9055885,
I,124.0,53,iodine,123.906209,
I,125.0,53,iodine,124.9046294,
I,126.0,53,iodine,125.9056233,
I,127.0,53,iodine,126.9044719,100.0
I,128.0,53,iodine,127.9058086,
I,129.0,53,iodine,128.9049837,0.0
I,130.0,53,iodine,129.9066702,
I,131.0,53,iodine,130.9061263,
I,132.0,53,iodine,131.9079935,
I,133.0,53,iodine,132.907797,
I,134.0,53,iodine,133.9097588,
I,135.0,53,iodine,134.9100488,
I,136.0,53,iodine,135.9146044,
I,137.0,53,iodine,136.9180282,
I,138.0,53,iodine,137.9227264,
I,139.0,53,iodine,138.9265062,
I,140.0,53,iodine,139.931727,
I,142.0,53,iodine,141.941202,
Xe,109.0,54,xenon,108.9504349,
Xe,110.0,54,xenon,109.9442631,
Xe,111.0,54,xenon,110.9416072,
Xe,112.0,54,xenon,111.935559,
Xe,113.0,54,xenon,112.9332217,
Xe,114.0,54,xenon,113.9279803,
Xe,115.0,54,xenon,114.9262939,
Xe,116.0,54,xenon,115.9215811,
Xe,117.0,54,xenon,116.9203588,
Xe,118.0,54,xenon,117.9161787,
Xe,119.0,54,xenon,118.9154107,
Xe,120.0,54,xenon,119.9117843,
Xe,121.0,54,xenon,120.911453,
Xe,122.0,54,xenon,121.9083677,
Xe,123.0,54,xenon,122.9084818,
Xe,124.0,54,xenon,123.905892,0.09
Xe,125.0,54,xenon,124.9063944,
Xe,126.0,54,xenon,125.9042983,0.09
Xe,127.0,54,xenon,126.9051829,
Xe,128.0,54,xenon,127.903531,1.92
Xe,129.0,54,xenon,128.9047809,26.44
Xe,130.0,54,xenon,129.9035093,4.08
Xe,131.0,54,xenon,130.9050841,21.18
Xe,132.0,54,xenon,131.9041551,26.89
Xe,133.0,54,xenon,132.9059108,
Xe,134.0,54,xenon,133.9053947,10.44
Xe,135.0,54,xenon,134.9072278,
Xe,136.0,54,xenon,135.9072145,8.87
Xe,137.0,54,xenon,136.9115578,
Xe,138.0,54,xenon,137.9141463,
Xe,139.0,54,xenon,138.9187922,
Xe,140.0,54,xenon,139.9216458,
Xe,141.0,54,xenon,140.9267872,
Xe,142.0,54,xenon,141.9299731,
Xe,143.0,54,xenon,142.9353696,
Xe,144.0,54,xenon,143.9389451,
Xe,145.0,54,xenon,144.9447196,
Xe,146.0,54,xenon,145.9485182,
Cs,112.0,55,caesium,111.9503086,
Cs,113.0,55,caesium,112.9444291,
Cs,114.0,55,caesium,113.9412962,
Cs,117.0,55,caesium,116.9286167,
Cs,118.0,55,caesium,117.9265595,
Cs,119.0,55,caesium,118.9223773,
Cs,120.0,55,caesium,119.9206773,
Cs,121.0,55,caesium,120.9172272,
Cs,122.0,55,caesium,121.9161081,
Cs,123.0,55,caesium,122.9129961,
Cs,124.0,55,caesium,123.9122578,
Cs,125.0,55,caesium,124.909728,
Cs,126.0,55,caesium,125.9094461,
Cs,127.0,55,caesium,126.9074174,
Cs,128.0,55,caesium,127.9077487,
Cs,129.0,55,caesium,128.9060657,
Cs,130.0,55,caesium,129.9067093,
Cs,131.0,55,caesium,130.9054649,
Cs,132.0,55,caesium,131.9064339,
Cs,133.0,55,caesium,132.905452,100.0
Cs,134.0,55,caesium,133.9067185,0.0
Cs,135.0,55,caesium,134.905977,0.0
Cs,136.0,55,caesium,135.9073114,
Cs,137.0,55,caesium,136.9070892,0.0
Cs,138.0,55,caesium,137.9110171,
Cs,139.0,55,caesium,138.9133638,
Cs,140.0,55,caesium,139.9172831,
Cs,141.0,55,caesium,140.9200455,
Cs,142.0,55,caesium,141.924296,
Cs,143.0,55,caesium,142.9273493,
Cs,144.0,55,caesium,143.9320763,
Cs,145.0,55,caesium,144.9355274,
Cs,146.0,55,caesium,145.9403443,
Cs,147.0,55,caesium,146.9441562,
Cs,148.0,55,caesium,147.9492251,
Ba,114.0,56,barium,113.9506604,
Ba,117.0,56,barium,116.9381406,
Ba,119.0,56,barium,118.9306597,
Ba,120.0,56,barium,119.926045,
Ba,121.0,56,barium,120.9240523,
Ba,122.0,56,barium,121.919904,
Ba,123.0,56,barium,122.9187811,
Ba,124.0,56,barium,123.9150936,
Ba,125.0,56,barium,124.9144718,
Ba,126.0,56,barium,125.9112502,
Ba,127.0,56,barium,126.9110913,
Ba,128.0,56,barium,127.908342,
Ba,129.0,56,barium,128.9086808,
Ba,130.0,56,barium,129.9063207,0.106
Ba,131.0,56,barium,130.906941,
Ba,132.0,56,barium,131.9050611,0.101
Ba,133.0,56,barium,132.9060074,0.0
Ba,134.0,56,barium,133.9045082,2.417
Ba,135.0,56,barium,134.9056884,6.592
Ba,136.0,56,barium,135.9045757,7.854
Ba,137.0,56,barium,136.9058271,11.232
Ba,138.0,56,barium,137.905247,71.698
Ba,139.0,56,barium,138.9088411,
Ba,140.0,56,barium,139.9106057,
Ba,141.0,56,barium,140.9144033,
Ba,142.0,56,barium,141.9164324,
Ba,143.0,56,barium,142.9206253,
Ba,144.0,56,barium,143.9229549,
Ba,145.0,56,barium,144.9275184,
Ba,146.0,56,barium,145.9302837,
Ba,147.0,56,barium,146.9353039,
Ba,148.0,56,barium,147.9381706,
La,124.0,57,lanthanum,123.9245743,
La,125.0,57,lanthanum,124.9208159,
La,126.0,57,lanthanum,125.9195127,
La,127.0,57,lanthanum,126.9163751,
La,128.0,57,lanthanum,127.9155921,
La,129.0,57,lanthanum,128.9126944,
La,130.0,57,lanthanum,129.9123694,
La,131.0,57,lanthanum,130.91007,
La,132.0,57,lanthanum,131.910119,
La,133.0,57,lanthanum,132.908218,
La,134.0,57,lanthanum,133.908514,
La,135.0,57,lanthanum,134.9069844,
La,136.0,57,lanthanum,135.907635,
La,137.0,57,lanthanum,136.9064504,0.0
La,138.0,57,lanthanum,137.9071149,0.09
La,139.0,57,lanthanum,138.9063563,99.91
La,140.0,57,lanthanum,139.9094806,
La,141.0,57,lanthanum,140.910966,
La,142.0,57,lanthanum,141.9140909,
La,143.0,57,lanthanum,142.9160795,
La,144.0,57,lanthanum,143.9196456,
La,145.0,57,lanthanum,144.9218081,
La,146.0,57,lanthanum,145.9258752,
La,147.0,57,lanthanum,146.9284178,
La,148.0,57,lanthanum,147.9326794,
La,149.0,57,lanthanum,148.9353513,
Ce,126.0,58,cerium,125.923971,
Ce,127.0,58,cerium,126.922727,
Ce,128.0,58,cerium,127.918911,
Ce,129.0,58,cerium,128.918102,
Ce,130.0,58,cerium,129.914736,
Ce,131.0,58,cerium,130.9144295,
Ce,132.0,58,cerium,131.9114638,
Ce,133.0,58,cerium,132.9115204,
Ce,134.0,58,cerium,133.9089281,
Ce,135.0,58,cerium,134.9091606,
Ce,136.0,58,cerium,135.9071292,0.185
Ce,137.0,58,cerium,136.9077624,
Ce,138.0,58,cerium,137.9059911,0.251
Ce,139.0,58,cerium,138.9066551,
Ce,140.0,58,cerium,139.9054431,88.45
Ce,141.0,58,cerium,140.9082807,
Ce,142.0,58,cerium,141.9092504,11.114
Ce,143.0,58,cerium,142.9123921,
Ce,144.0,58,cerium,143.9136529,
Ce,145.0,58,cerium,144.9172652,
Ce,146.0,58,cerium,145.9188024,
Ce,147.0,58,cerium,146.9226899,
Ce,148.0,58,cerium,147.9244242,
Ce,149.0,58,cerium,148.9284269,
Ce,150.0,58,cerium,149.930384,
Ce,151.0,58,cerium,150.9342722,
Pr,128.0,59,praesodymium,127.928791,
Pr,129.0,59,praesodymium,128.925095,
Pr,130.0,59,praesodymium,129.92359,
Pr,131.0,59,praesodymium,130.920235,
Pr,132.0,59,praesodymium,131.919255,
Pr,133.0,59,praesodymium,132.9163306,
Pr,134.0,59,praesodymium,133.9156967,
Pr,135.0,59,praesodymium,134.9131118,
Pr,136.0,59,praesodymium,135.9126775,
Pr,137.0,59,praesodymium,136.9106792,
Pr,138.0,59,praesodymium,137.9107544,
Pr,139.0,59,praesodymium,138.9089408,
Pr,140.0,59,praesodymium,139.9090803,
Pr,141.0,59,praesodymium,140.9076576,100.0
Pr,142.0,59,praesodymium,141.9100496,
Pr,143.0,59,praesodymium,142.9108228,
Pr,144.0,59,praesodymium,143.9133109,
Pr,145.0,59,praesodymium,144.9145182,
Pr,146.0,59,praesodymium,145.9176799,
Pr,147.0,59,praesodymium,146.9190075,
Pr,148.0,59,praesodymium,147.9221301,
Pr,149.0,59,praesodymium,148.9237361,
Pr,150.0,59,praesodymium,149.9266765,
Pr,151.0,59,praesodymium,150.9283093,
Pr,152.0,59,praesodymium,151.9315529,
Pr,153.0,59,praesodymium,152.9339035,
Pr,154.0,59,praesodymium,153.9375257,
Pr,155.0,59,praesodymium,154.9405093,
Nd,130.0,60,neodymium,129.928506,
Nd,131.0,60,neodymium,130.927248,
Nd,132.0,60,neodymium,131.9233212,
Nd,133.0,60,neodymium,132.922348,
Nd,134.0,60,neodymium,133.9187902,
Nd,135.0,60,neodymium,134.9181813,
Nd,136.0,60,neodymium,135.9149761,
Nd,137.0,60,neodymium,136.9145624,
Nd,138.0,60,neodymium,137.9119497,
Nd,139.0,60,neodymium,138.9119536,
Nd,140.0,60,neodymium,139.9095498,
Nd,141.0,60,neodymium,140.9096147,
Nd,142.0,60,neodymium,141.907729,27.2
Nd,143.0,60,neodymium,142.90982,12.2
Nd,144.0,60,neodymium,143.910093,23.8
Nd,145.0,60,neodymium,144.9125793,8.3
Nd,146.0,60,neodymium,145.9131226,17.2
Nd,147.0,60,neodymium,146.9161061,
Nd,148.0,60,neodymium,147.9168993,5.7
Nd,149.0,60,neodymium,148.9201548,
Nd,150.0,60,neodymium,149.9209022,5.6
Nd,151.0,60,neodymium,150.9238403,
Nd,152.0,60,neodymium,151.9246922,
Nd,153.0,60,neodymium,152.927718,
Nd,154.0,60,neodymium,153.9294849,
Nd,155.0,60,neodymium,154.9331357,
Nd,156.0,60,neodymium,155.9350789,
Nd,157.0,60,neodymium,156.9393861,
Pm,133.0,61,promethium,132.929782,
Pm,134.0,61,promethium,133.928353,
Pm,135.0,61,promethium,134.924823,
Pm,136.0,61,promethium,135.9235846,
Pm,137.0,61,promethium,136.9204795,
Pm,138.0,61,promethium,137.9195481,
Pm,139.0,61,promethium,138.9167997,
Pm,140.0,61,promethium,139.9160396,
Pm,141.0,61,promethium,140.9135551,
Pm,142.0,61,promethium,141.9128904,
Pm,143.0,61,promethium,142.9109383,
Pm,144.0,61,promethium,143.9125964,
Pm,145.0,61,promethium,144.9127559,
Pm,146.0,61,promethium,145.9147024,
Pm,147.0,61,promethium,146.915145,0.0
Pm,148.0,61,promethium,147.9174819,
Pm,149.0,61,promethium,148.9183423,
Pm,150.0,61,promethium,149.9209909,
Pm,151.0,61,promethium,150.9212175,
Pm,152.0,61,promethium,151.9235062,
Pm,153.0,61,promethium,152.9241567,
Pm,154.0,61,promethium,153.9264715,
Pm,155.0,61,promethium,154.928137,
Pm,156.0,61,promethium,155.9311175,
Pm,157.0,61,promethium,156.9331214,
Pm,158.0,61,promethium,157.9365651,
Pm,159.0,61,promethium,158.9392865,
Sm,135.0,62,samarium,134.93252,
Sm,136.0,62,samarium,135.9282756,
Sm,137.0,62,samarium,136.9269705,
Sm,138.0,62,samarium,137.923244,
Sm,139.0,62,samarium,138.9222966,
Sm,140.0,62,samarium,139.9189947,
Sm,141.0,62,samarium,140.9184816,
Sm,142.0,62,samarium,141.9152044,
Sm,143.0,62,samarium,142.9146353,
Sm,144.0,62,samarium,143.9120065,3.07
Sm,145.0,62,samarium,144.9134173,
Sm,146.0,62,samarium,145.913047,
Sm,147.0,62,samarium,146.9149044,14.99
Sm,148.0,62,samarium,147.9148292,11.24
Sm,149.0,62,samarium,148.9171921,13.82
Sm,150.0,62,samarium,149.9172829,7.38
Sm,151.0,62,samarium,150.9199398,0.0
Sm,152.0,62,samarium,151.9197397,26.75
Sm,153.0,62,samarium,152.9221047,
Sm,154.0,62,samarium,153.9222169,22.75
Sm,155.0,62,samarium,154.9246477,
Sm,156.0,62,samarium,155.9255361,
Sm,157.0,62,samarium,156.9284187,
Sm,158.0,62,samarium,157.929951,
Sm,159.0,62,samarium,158.9332172,
Sm,160.0,62,samarium,159.9353353,
Sm,161.0,62,samarium,160.9391602,
Eu,138.0,63,europium,137.933709,
Eu,139.0,63,europium,138.9297923,
Eu,140.0,63,europium,139.9280876,
Eu,141.0,63,europium,140.9249318,
Eu,142.0,63,europium,141.9234417,
Eu,143.0,63,europium,142.9202987,
Eu,144.0,63,europium,143.9188196,
Eu,145.0,63,europium,144.9162726,
Eu,146.0,63,europium,145.917211,
Eu,147.0,63,europium,146.9167527,
Eu,148.0,63,europium,147.9180892,
Eu,149.0,63,europium,148.9179378,
Eu,150.0,63,europium,149.9197077,
Eu,151.0,63,europium,150.9198578,47.81
Eu,152.0,63,europium,151.9217522,0.0
Eu,153.0,63,europium,152.921238,52.19
Eu,154.0,63,europium,153.922987,0.0
Eu,155.0,63,europium,154.9229011,0.0
Eu,156.0,63,europium,155.9247605,
Eu,157.0,63,europium,156.9254334,
Eu,158.0,63,europium,157.9277986,
Eu,159.0,63,europium,158.9291001,
Eu,160.0,63,europium,159.9318509,
Eu,161.0,63,europium,160.9336641,
Eu,162.0,63,europium,161.9369888,
Eu,163.0,63,europium,162.9391957,
Gd,140.0,64,gadolinium,139.933674,
Gd,141.0,64,gadolinium,140.932126,
Gd,142.0,64,gadolinium,141.928116,
Gd,143.0,64,gadolinium,142.9267507,
Gd,144.0,64,gadolinium,143.922963,
Gd,145.0,64,gadolinium,144.9217128,
Gd,146.0,64,gadolinium,145.9183188,
Gd,147.0,64,gadolinium,146.9191014,
Gd,148.0,64,gadolinium,147.9181215,
Gd,149.0,64,gadolinium,148.9193481,
Gd,150.0,64,gadolinium,149.9186644,
Gd,151.0,64,gadolinium,150.920356,
Gd,152.0,64,gadolinium,151.9197995,0.2
Gd,153.0,64,gadolinium,152.921758,
Gd,154.0,64,gadolinium,153.9208741,2.18
Gd,155.0,64,gadolinium,154.9226305,14.8
Gd,156.0,64,gadolinium,155.9221312,20.47
Gd,157.0,64,gadolinium,156.9239686,15.65
Gd,158.0,64,gadolinium,157.9241123,24.84
Gd,159.0,64,gadolinium,158.926397,
Gd,160.0,64,gadolinium,159.9270624,21.86
Gd,161.0,64,gadolinium,160.9296775,
Gd,162.0,64,gadolinium,161.930993,
Gd,163.0,64,gadolinium,162.9341769,
Tb,140.0,65,terbium,139.945805,
Tb,141.0,65,terbium,140.941448,
Tb,142.0,65,terbium,141.9392809,
Tb,143.0,65,terbium,142.9351373,
Tb,144.0,65,terbium,143.933045,
Tb,145.0,65,terbium,144.9288219,
Tb,146.0,65,terbium,145.927253,
Tb,147.0,65,terbium,146.9240548,
Tb,148.0,65,terbium,147.9242816,
Tb,149.0,65,terbium,148.9232535,
Tb,150.0,65,terbium,149.9236649,
Tb,151.0,65,terbium,150.9231096,
Tb,152.0,65,terbium,151.9240829,
Tb,153.0,65,terbium,152.9234424,
Tb,154.0,65,terbium,153.9246848,
Tb,155.0,65,terbium,154.9235105,
Tb,156.0,65,terbium,155.9247552,
Tb,157.0,65,terbium,156.924033,0.0
Tb,158.0,65,terbium,157.9254209,
Tb,159.0,65,terbium,158.9253547,100.0
Tb,160.0,65,terbium,159.9271756,0.0
Tb,161.0,65,terbium,160.9275778,
Tb,162.0,65,terbium,161.9294954,
Tb,163.0,65,terbium,162.9306547,
Tb,164.0,65,terbium,163.933358,
Tb,166.0,65,terbium,165.9378595,
Dy,143.0,66,dysprosium,142.9439943,
Dy,144.0,66,dysprosium,143.9392695,
Dy,145.0,66,dysprosium,144.937474,
Dy,146.0,66,dysprosium,145.9328445,
Dy,147.0,66,dysprosium,146.9310827,
Dy,148.0,66,dysprosium,147.9271566,
Dy,149.0,66,dysprosium,148.9273217,
Dy,150.0,66,dysprosium,149.9255933,
Dy,151.0,66,dysprosium,150.9261916,
Dy,152.0,66,dysprosium,151.9247253,
Dy,153.0,66,dysprosium,152.9257724,
Dy,154.0,66,dysprosium,153.9244293,
Dy,155.0,66,dysprosium,154.9257591,
Dy,156.0,66,dysprosium,155.9242847,0.06
Dy,157.0,66,dysprosium,156.9254707,
Dy,158.0,66,dysprosium,157.9244159,0.1
Dy,159.0,66,dysprosium,158.925747,
Dy,160.0,66,dysprosium,159.9252046,2.34
Dy,161.0,66,dysprosium,160.9269405,18.91
Dy,162.0,66,dysprosium,161.9268056,25.51
Dy,163.0,66,dysprosium,162.9287383,24.9
Dy,164.0,66,dysprosium,163.9291819,28.18
Dy,165.0,66,dysprosium,164.9317105,
Dy,166.0,66,dysprosium,165.9328139,
Dy,167.0,66,dysprosium,166.9356614,
Dy,168.0,66,dysprosium,167.9371333,
Dy,169.0,66,dysprosium,168.9403135,
Ho,144.0,67,holmium,143.9521097,
Ho,145.0,67,holmium,144.9472674,
Ho,146.0,67,holmium,145.9449935,
Ho,147.0,67,holmium,146.9401423,
Ho,148.0,67,holmium,147.9377439,
Ho,149.0,67,holmium,148.9338026,
Ho,150.0,67,holmium,149.9334984,
Ho,151.0,67,holmium,150.9316983,
Ho,152.0,67,holmium,151.9317236,
Ho,153.0,67,holmium,152.9302064,
Ho,154.0,67,holmium,153.9306068,
Ho,155.0,67,holmium,154.929104,
Ho,156.0,67,holmium,155.9297061,
Ho,157.0,67,holmium,156.9282544,
Ho,158.0,67,holmium,157.928946,
Ho,159.0,67,holmium,158.9277197,
Ho,160.0,67,holmium,159.9287366,
Ho,161.0,67,holmium,160.9278615,
Ho,162.0,67,holmium,161.9291023,
Ho,163.0,67,holmium,162.928741,
Ho,164.0,67,holmium,163.9302403,
Ho,165.0,67,holmium,164.9303288,100.0
Ho,166.0,67,holmium,165.9322909,
Ho,167.0,67,holmium,166.9331386,
Ho,168.0,67,holmium,167.9355222,
Ho,169.0,67,holmium,168.9368782,
Ho,170.0,67,holmium,169.9396248,
Ho,171.0,67,holmium,170.941471,
Er,146.0,68,erbium,145.9524184,
Er,147.0,68,erbium,146.9499645,
Er,148.0,68,erbium,147.944735,
Er,149.0,68,erbium,148.942306,
Er,150.0,68,erbium,149.9379156,
Er,151.0,68,erbium,150.9374486,
Er,152.0,68,erbium,151.9350571,
Er,153.0,68,erbium,152.9350804,
Er,154.0,68,erbium,153.9327908,
Er,155.0,68,erbium,154.9332159,
Er,156.0,68,erbium,155.9310673,
Er,157.0,68,erbium,156.9319487,
Er,158.0,68,erbium,157.9298935,
Er,159.0,68,erbium,158.9306918,
Er,160.0,68,erbium,159.9290771,
Er,161.0,68,erbium,160.9300046,
Er,162.0,68,erbium,161.9287884,0.14
Er,163.0,68,erbium,162.9300408,
Er,164.0,68,erbium,163.9292088,1.61
Er,165.0,68,erbium,164.9307345,
Er,166.0,68,erbium,165.9302995,33.61
Er,167.0,68,erbium,166.9320546,22.93
Er,168.0,68,erbium,167.9323767,26.78
Er,169.0,68,erbium,168.9345969,
Er,170.0,68,erbium,169.9354702,14.93
Er,171.0,68,erbium,170.9380357,
Er,172.0,68,erbium,171.9393619,
Tm,147.0,69,thulium,146.9613799,
Tm,148.0,69,thulium,147.958384,
Tm,151.0,69,thulium,150.9454879,
Tm,152.0,69,thulium,151.944422,
Tm,153.0,69,thulium,152.9420401,
Tm,154.0,69,thulium,153.94157,
Tm,155.0,69,thulium,154.9392097,
Tm,156.0,69,thulium,155.9389916,
Tm,157.0,69,thulium,156.9369441,
Tm,158.0,69,thulium,157.9369795,
Tm,159.0,69,thulium,158.934975,
Tm,160.0,69,thulium,159.9352631,
Tm,161.0,69,thulium,160.933549,
Tm,162.0,69,thulium,161.9340023,
Tm,163.0,69,thulium,162.9326592,
Tm,164.0,69,thulium,163.9335436,
Tm,165.0,69,thulium,164.9324431,
Tm,166.0,69,thulium,165.9335606,
Tm,167.0,69,thulium,166.9328562,
Tm,168.0,69,thulium,167.9341774,
Tm,169.0,69,thulium,168.9342179,100.0
Tm,170.0,69,thulium,169.935806,
Tm,171.0,69,thulium,170.9364339,0.0
Tm,172.0,69,thulium,171.9384055,
Tm,173.0,69,thulium,172.9396084,
Tm,174.0,69,thulium,173.942173,
Tm,175.0,69,thulium,174.9438412,
Tm,176.0,69,thulium,175.9469994,
Yb,151.0,70,ytterbium,150.9554025,
Yb,152.0,70,ytterbium,151.9502727,
Yb,154.0,70,ytterbium,153.9463957,
Yb,155.0,70,ytterbium,154.9457831,
Yb,156.0,70,ytterbium,155.9428247,
Yb,157.0,70,ytterbium,156.9426453,
Yb,158.0,70,ytterbium,157.9398705,
Yb,159.0,70,ytterbium,158.9400546,
Yb,160.0,70,ytterbium,159.9375574,
Yb,161.0,70,ytterbium,160.9379071,
Yb,162.0,70,ytterbium,161.9357736,
Yb,163.0,70,ytterbium,162.9363396,
Yb,164.0,70,ytterbium,163.9344949,
Yb,165.0,70,ytterbium,164.9352702,
Yb,166.0,70,ytterbium,165.9338747,
Yb,167.0,70,ytterbium,166.934953,
Yb,168.0,70,ytterbium,167.9338896,0.13
Yb,169.0,70,ytterbium,168.9351825,
Yb,170.0,70,ytterbium,169.9347664,3.04
Yb,171.0,70,ytterbium,170.9363302,14.28
Yb,172.0,70,ytterbium,171.9363859,21.83
Yb,173.0,70,ytterbium,172.9382151,16.13
Yb,174.0,70,ytterbium,173.9388664,31.83
Yb,175.0,70,ytterbium,174.9412808,
Yb,176.0,70,ytterbium,175.9425764,12.76
Yb,177.0,70,ytterbium,176.9452656,
Yb,178.0,70,ytterbium,177.9466514,
Lu,153.0,71,lutetium,152.9587511,
Lu,155.0,71,lutetium,154.9543206,
Lu,156.0,71,lutetium,155.9530325,
Lu,157.0,71,lutetium,156.9501267,
Lu,158.0,71,lutetium,157.9493155,
Lu,159.0,71,lutetium,158.9466356,
Lu,160.0,71,lutetium,159.946033,
Lu,161.0,71,lutetium,160.943572,
Lu,162.0,71,lutetium,161.9432828,
Lu,163.0,71,lutetium,162.941179,
Lu,164.0,71,lutetium,163.941339,
Lu,165.0,71,lutetium,164.9394068,
Lu,166.0,71,lutetium,165.939859,
Lu,167.0,71,lutetium,166.93827,
Lu,168.0,71,lutetium,167.9387356,
Lu,169.0,71,lutetium,168.9376441,
Lu,170.0,71,lutetium,169.9384784,
Lu,171.0,71,lutetium,170.937917,
Lu,172.0,71,lutetium,171.9390891,
Lu,173.0,71,lutetium,172.938934,0.0
Lu,174.0,71,lutetium,173.9403409,0.0
Lu,175.0,71,lutetium,174.9407752,97.41
Lu,176.0,71,lutetium,175.9426897,2.59
Lu,177.0,71,lutetium,176.9437615,
Lu,178.0,71,lutetium,177.945958,
Lu,179.0,71,lutetium,178.9473309,
Lu,180.0,71,lutetium,179.9498883,
Lu,181.0,71,lutetium,180.951908,
Lu,183.0,71,lutetium,182.957363,
Hf,156.0,72,hafnium,155.9593478,
Hf,158.0,72,hafnium,157.9548011,
Hf,159.0,72,hafnium,158.9539957,
Hf,160.0,72,hafnium,159.9506907,
Hf,161.0,72,hafnium,160.9502784,
Hf,162.0,72,hafnium,161.9472148,
Hf,163.0,72,hafnium,162.9471129,
Hf,164.0,72,hafnium,163.9443708,
Hf,165.0,72,hafnium,164.944567,
Hf,166.0,72,hafnium,165.94218,
Hf,167.0,72,hafnium,166.9426,
Hf,168.0,72,hafnium,167.940568,
Hf,169.0,72,hafnium,168.941259,
Hf,170.0,72,hafnium,169.939609,
Hf,171.0,72,hafnium,170.940492,
Hf,172.0,72,hafnium,171.9394497,
Hf,173.0,72,hafnium,172.940513,
Hf,174.0,72,hafnium,173.9400461,0.16
Hf,175.0,72,hafnium,174.9415092,
Hf,176.0,72,hafnium,175.9414076,5.26
Hf,177.0,72,hafnium,176.9432277,18.6
Hf,178.0,72,hafnium,177.9437058,27.28
Hf,179.0,72,hafnium,178.9458232,13.62
Hf,180.0,72,hafnium,179.946557,35.08
Hf,181.0,72,hafnium,180.9491083,
Hf,182.0,72,hafnium,181.9505612,
Hf,183.0,72,hafnium,182.9535304,
Hf,184.0,72,hafnium,183.9554462,
Hf,185.0,72,hafnium,184.958862,
Hf,186.0,72,hafnium,185.960897,
Ta,157.0,73,tantalum,156.9681762,
Ta,159.0,73,tantalum,158.9630226,
Ta,160.0,73,tantalum,159.9614875,
Ta,161.0,73,tantalum,160.9584523,
Ta,162.0,73,tantalum,161.9572941,
Ta,163.0,73,tantalum,162.9543371,
Ta,164.0,73,tantalum,163.953534,
Ta,165.0,73,tantalum,164.9507806,
Ta,166.0,73,tantalum,165.950512,
Ta,167.0,73,tantalum,166.948093,
Ta,168.0,73,tantalum,167.948047,
Ta,169.0,73,tantalum,168.946011,
Ta,170.0,73,tantalum,169.946175,
Ta,171.0,73,tantalum,170.944476,
Ta,172.0,73,tantalum,171.944895,
Ta,173.0,73,tantalum,172.94375,
Ta,174.0,73,tantalum,173.944454,
Ta,175.0,73,tantalum,174.943737,
Ta,176.0,73,tantalum,175.944857,
Ta,177.0,73,tantalum,176.9444795,
Ta,178.0,73,tantalum,177.945778,
Ta,179.0,73,tantalum,178.9459366,
Ta,180.0,73,tantalum,179.9474648,0.012
Ta,181.0,73,tantalum,180.9479958,99.988
Ta,182.0,73,tantalum,181.9501519,
Ta,183.0,73,tantalum,182.9513726,
Ta,184.0,73,tantalum,183.9540077,
Ta,185.0,73,tantalum,184.9555591,
Ta,186.0,73,tantalum,185.9585507,
Ta,187.0,73,tantalum,186.960386,
Ta,188.0,73,tantalum,187.963916,
W,160.0,74,tungsten,159.9684626,
W,162.0,74,tungsten,161.9634991,
W,163.0,74,tungsten,162.9625243,
W,164.0,74,tungsten,163.9589607,
W,165.0,74,tungsten,164.9582808,
W,166.0,74,tungsten,165.9550312,
W,167.0,74,tungsten,166.9548046,
W,168.0,74,tungsten,167.9518055,
W,169.0,74,tungsten,168.9517788,
W,170.0,74,tungsten,169.9492316,
W,171.0,74,tungsten,170.949451,
W,172.0,74,tungsten,171.947292,
W,173.0,74,tungsten,172.947689,
W,174.0,74,tungsten,173.946079,
W,175.0,74,tungsten,174.946717,
W,176.0,74,tungsten,175.945634,
W,177.0,74,tungsten,176.946643,
W,178.0,74,tungsten,177.9458833,
W,179.0,74,tungsten,178.947077,
W,180.0,74,tungsten,179.9467108,0.12
W,181.0,74,tungsten,180.9481978,
W,182.0,74,tungsten,181.9482039,26.5
W,183.0,74,tungsten,182.9502227,14.31
W,184.0,74,tungsten,183.9509309,30.64
W,185.0,74,tungsten,184.953419,
W,186.0,74,tungsten,185.9543628,28.43
W,187.0,74,tungsten,186.9571588,
W,188.0,74,tungsten,187.9584862,
W,189.0,74,tungsten,188.961763,
W,190.0,74,tungsten,189.9630906,
W,191.0,74,tungsten,190.966531,
Re,161.0,75,rhenium,160.977573,
Re,163.0,75,rhenium,162.9720799,
Re,164.0,75,rhenium,163.9704529,
Re,165.0,75,rhenium,164.9671027,
Re,166.0,75,rhenium,165.9657608,
Re,168.0,75,rhenium,167.9615726,
Re,169.0,75,rhenium,168.9587661,
Re,170.0,75,rhenium,169.9582201,
Re,171.0,75,rhenium,170.955716,
Re,172.0,75,rhenium,171.9554197,
Re,173.0,75,rhenium,172.953243,
Re,174.0,75,rhenium,173.953115,
Re,175.0,75,rhenium,174.951381,
Re,176.0,75,rhenium,175.951623,
Re,177.0,75,rhenium,176.950328,
Re,178.0,75,rhenium,177.950989,
Re,179.0,75,rhenium,178.9499891,
Re,180.0,75,rhenium,179.9507916,
Re,181.0,75,rhenium,180.9500577,
Re,182.0,75,rhenium,181.9512099,
Re,183.0,75,rhenium,182.9508196,
Re,184.0,75,rhenium,183.9525228,
Re,185.0,75,rhenium,184.9529545,37.4
Re,186.0,75,rhenium,185.9549856,
Re,187.0,75,rhenium,186.9557501,62.6
Re,188.0,75,rhenium,187.9581115,
Re,189.0,75,rhenium,188.959226,
Re,190.0,75,rhenium,189.9617443,
Re,191.0,75,rhenium,190.9631216,
Re,192.0,75,rhenium,191.966088,
Re,193.0,75,rhenium,192.967541,
Os,164.0,76,osmium,163.9780217,
Os,166.0,76,osmium,165.9726925,
Os,167.0,76,osmium,166.9715488,
Os,168.0,76,osmium,167.9678078,
Os,169.0,76,osmium,168.9670176,
Os,170.0,76,osmium,169.9635785,
Os,171.0,76,osmium,170.963174,
Os,172.0,76,osmium,171.9600173,
Os,173.0,76,osmium,172.9598085,
Os,174.0,76,osmium,173.9570635,
Os,175.0,76,osmium,174.9569453,
Os,176.0,76,osmium,175.954806,
Os,177.0,76,osmium,176.9549656,
Os,178.0,76,osmium,177.9532536,
Os,179.0,76,osmium,178.9538169,
Os,180.0,76,osmium,179.9523755,
Os,181.0,76,osmium,180.9532472,
Os,182.0,76,osmium,181.9521102,
Os,183.0,76,osmium,182.9531247,
Os,184.0,76,osmium,183.9524885,0.02
Os,185.0,76,osmium,184.9540417,
Os,186.0,76,osmium,185.953835,1.59
Os,187.0,76,osmium,186.9557474,1.96
Os,188.0,76,osmium,187.9558352,13.24
Os,189.0,76,osmium,188.9581442,16.15
Os,190.0,76,osmium,189.9584437,26.26
Os,191.0,76,osmium,190.9609264,
Os,192.0,76,osmium,191.961477,40.78
Os,193.0,76,osmium,192.9641479,
Os,194.0,76,osmium,193.9651772,
Os,195.0,76,osmium,194.968318,
Os,196.0,76,osmium,195.9696415,
Ir,167.0,77,iridium,166.9816663,
Ir,168.0,77,iridium,167.9799066,
Ir,169.0,77,iridium,168.9762985,
Ir,171.0,77,iridium,170.9716403,
Ir,172.0,77,iridium,171.970607,
Ir,173.0,77,iridium,172.9675056,
Ir,174.0,77,iridium,173.966861,
Ir,175.0,77,iridium,174.9641496,
Ir,176.0,77,iridium,175.9636504,
Ir,177.0,77,iridium,176.9613015,
Ir,178.0,77,iridium,177.961082,
Ir,179.0,77,iridium,178.9591202,
Ir,180.0,77,iridium,179.9592294,
Ir,181.0,77,iridium,180.9576255,
Ir,182.0,77,iridium,181.9580763,
Ir,183.0,77,iridium,182.95684,
Ir,184.0,77,iridium,183.957476,
Ir,185.0,77,iridium,184.956698,
Ir,186.0,77,iridium,185.9579442,
Ir,187.0,77,iridium,186.957542,
Ir,188.0,77,iridium,187.9588281,
Ir,189.0,77,iridium,188.958715,
Ir,190.0,77,iridium,189.9605412,
Ir,191.0,77,iridium,190.9605893,37.3
Ir,192.0,77,iridium,191.9626002,
Ir,193.0,77,iridium,192.9629216,62.7
Ir,194.0,77,iridium,193.9650735,
Ir,195.0,77,iridium,194.9659747,
Ir,196.0,77,iridium,195.9683971,
Ir,197.0,77,iridium,196.9696554,
Ir,199.0,77,iridium,198.9738053,
Pt,168.0,78,platinum,167.9881287,
Pt,170.0,78,platinum,169.9824963,
Pt,171.0,78,platinum,170.9812452,
Pt,172.0,78,platinum,171.9773509,
Pt,173.0,78,platinum,172.9764431,
Pt,174.0,78,platinum,173.9728195,
Pt,175.0,78,platinum,174.9724097,
Pt,176.0,78,platinum,175.9689384,
Pt,177.0,78,platinum,176.9684695,
Pt,178.0,78,platinum,177.9656495,
Pt,179.0,78,platinum,178.965359,
Pt,180.0,78,platinum,179.963032,
Pt,181.0,78,platinum,180.9630976,
Pt,182.0,78,platinum,181.9611718,
Pt,183.0,78,platinum,182.9615968,
Pt,184.0,78,platinum,183.9599151,
Pt,185.0,78,platinum,184.9606137,
Pt,186.0,78,platinum,185.9593508,
Pt,187.0,78,platinum,186.960617,
Pt,188.0,78,platinum,187.9593889,
Pt,189.0,78,platinum,188.9608313,
Pt,190.0,78,platinum,189.9599297,0.014
Pt,191.0,78,platinum,190.9616729,
Pt,192.0,78,platinum,191.9610387,0.784
Pt,193.0,78,platinum,192.9629824,
Pt,194.0,78,platinum,193.9626809,32.967
Pt,195.0,78,platinum,194.9647917,33.832
Pt,196.0,78,platinum,195.9649521,25.242
Pt,197.0,78,platinum,196.9673407,
Pt,198.0,78,platinum,197.9678949,7.163
Pt,199.0,78,platinum,198.9705952,
Pt,200.0,78,platinum,199.9714428,
Pt,201.0,78,platinum,200.9745131,
Pt,202.0,78,platinum,201.975639,
Au,171.0,79,gold,170.9918758,
Au,172.0,79,gold,171.9899423,
Au,173.0,79,gold,172.9862409,
Au,175.0,79,gold,174.9813037,
Au,176.0,79,gold,175.9802504,
Au,177.0,79,gold,176.9768704,
Au,178.0,79,gold,177.9760319,
Au,179.0,79,gold,178.9731737,
Au,180.0,79,gold,179.9725234,
Au,181.0,79,gold,180.970079,
Au,182.0,79,gold,181.9696179,
Au,183.0,79,gold,182.9675906,
Au,184.0,79,gold,183.9674515,
Au,185.0,79,gold,184.9657896,
Au,186.0,79,gold,185.9659527,
Au,187.0,79,gold,186.9645432,
Au,188.0,79,gold,187.9653494,
Au,189.0,79,gold,188.9639483,
Au,190.0,79,gold,189.9646984,
Au,191.0,79,gold,190.9637022,
Au,192.0,79,gold,191.9648137,
Au,193.0,79,gold,192.9641373,
Au,194.0,79,gold,193.9654178,
Au,195.0,79,gold,194.9650352,
Au,196.0,79,gold,195.9665699,
Au,197.0,79,gold,196.9665688,100.0
Au,198.0,79,gold,197.9682424,
Au,199.0,79,gold,198.9687653,
Au,200.0,79,gold,199.9707565,
Au,201.0,79,gold,200.9716575,
Au,202.0,79,gold,201.973856,
Au,203.0,79,gold,202.9751544,
Hg,172.0,80,mercury,171.998809,
Hg,174.0,80,mercury,173.9928647,
Hg,175.0,80,mercury,174.9914407,
Hg,176.0,80,mercury,175.9873609,
Hg,177.0,80,mercury,176.9862773,
Hg,178.0,80,mercury,177.9824838,
Hg,179.0,80,mercury,178.9818313,
Hg,180.0,80,mercury,179.9782603,
Hg,181.0,80,mercury,180.9778194,
Hg,182.0,80,mercury,181.9746894,
Hg,183.0,80,mercury,182.9744448,
Hg,184.0,80,mercury,183.9717135,
Hg,185.0,80,mercury,184.9718994,
Hg,186.0,80,mercury,185.9693623,
Hg,187.0,80,mercury,186.9698144,
Hg,188.0,80,mercury,187.9675669,
Hg,189.0,80,mercury,188.9681949,
Hg,190.0,80,mercury,189.9663227,
Hg,191.0,80,mercury,190.9671572,
Hg,192.0,80,mercury,191.9656347,
Hg,193.0,80,mercury,192.9666527,
Hg,194.0,80,mercury,193.9654491,
Hg,195.0,80,mercury,194.9667205,
Hg,196.0,80,mercury,195.9658326,0.15
Hg,197.0,80,mercury,196.9672128,
Hg,198.0,80,mercury,197.9667686,9.97
Hg,199.0,80,mercury,198.9682806,16.87
Hg,200.0,80,mercury,199.9683266,23.1
Hg,201.0,80,mercury,200.9703028,13.18
Hg,202.0,80,mercury,201.9706434,29.86
Hg,203.0,80,mercury,202.9728728,
Hg,204.0,80,mercury,203.973494,6.87
Hg,205.0,80,mercury,204.9760734,
Hg,206.0,80,mercury,205.9775144,
Hg,207.0,80,mercury,206.9823,
Hg,208.0,80,mercury,207.985759,
Tl,176.0,81,thallium,176.000624,
Tl,177.0,81,thallium,176.9964308,
Tl,179.0,81,thallium,178.9911107,
Tl,180.0,81,thallium,179.9900565,
Tl,181.0,81,thallium,180.98626,
Tl,182.0,81,thallium,181.9857132,
Tl,183.0,81,thallium,182.9821928,
Tl,184.0,81,thallium,183.9818859,
Tl,185.0,81,thallium,184.9787891,
Tl,186.0,81,thallium,185.9786508,
Tl,187.0,81,thallium,186.9759063,
Tl,188.0,81,thallium,187.9760209,
Tl,189.0,81,thallium,188.9735885,
Tl,190.0,81,thallium,189.97388,
Tl,191.0,81,thallium,190.9717842,
Tl,192.0,81,thallium,191.972225,
Tl,193.0,81,thallium,192.970502,
Tl,194.0,81,thallium,193.9710814,
Tl,195.0,81,thallium,194.9697743,
Tl,196.0,81,thallium,195.9704812,
Tl,197.0,81,thallium,196.9695759,
Tl,198.0,81,thallium,197.9704831,
Tl,199.0,81,thallium,198.969877,
Tl,200.0,81,thallium,199.9709633,
Tl,201.0,81,thallium,200.9708222,
Tl,202.0,81,thallium,201.9721024,
Tl,203.0,81,thallium,202.9723446,29.524
Tl,204.0,81,thallium,203.9738639,0.0
Tl,205.0,81,thallium,204.9744278,70.476
Tl,206.0,81,thallium,205.9761106,
Tl,207.0,81,thallium,206.9774197,
Tl,208.0,81,thallium,207.982019,
Tl,209.0,81,thallium,208.9853594,
Tl,210.0,81,thallium,209.990074,
Tl,211.0,81,thallium,210.993475,
Tl,213.0,81,thallium,213.001915,
Pb,178.0,82,lead,178.0038312,
Pb,179.0,82,lead,179.0022011,
Pb,180.0,82,lead,179.9979283,
Pb,181.0,82,lead,180.9966533,
Pb,182.0,82,lead,181.9926725,
Pb,183.0,82,lead,182.9918721,
Pb,184.0,82,lead,183.9881357,
Pb,185.0,82,lead,184.98761,
Pb,186.0,82,lead,185.9842383,
Pb,187.0,82,lead,186.9839109,
Pb,188.0,82,lead,187.9808748,
Pb,189.0,82,lead,188.980807,
Pb,190.0,82,lead,189.978082,
Pb,191.0,82,lead,190.978276,
Pb,192.0,82,lead,191.975775,
Pb,193.0,82,lead,192.9761732,
Pb,194.0,82,lead,193.9740123,
Pb,195.0,82,lead,194.9745429,
Pb,196.0,82,lead,195.9727742,
Pb,197.0,82,lead,196.9734312,
Pb,198.0,82,lead,197.9720341,
Pb,199.0,82,lead,198.9729127,
Pb,200.0,82,lead,199.9718189,
Pb,201.0,82,lead,200.9728829,
Pb,202.0,82,lead,201.972152,
Pb,203.0,82,lead,202.9733911,
Pb,204.0,82,lead,203.973044,1.4
Pb,205.0,82,lead,204.9744822,
Pb,206.0,82,lead,205.9744657,24.1
Pb,207.0,82,lead,206.9758973,22.1
Pb,208.0,82,lead,207.9766525,52.4
Pb,209.0,82,lead,208.9810905,
Pb,210.0,82,lead,209.9841889,
Pb,211.0,82,lead,210.9887371,
Pb,212.0,82,lead,211.9918977,
Pb,213.0,82,lead,212.9965629,
Pb,214.0,82,lead,213.9998059,
Bi,184.0,83,bismuth,184.0012748,
Bi,186.0,83,bismuth,185.9966437,
Bi,187.0,83,bismuth,186.9931472,
Bi,188.0,83,bismuth,187.9922869,
Bi,189.0,83,bismuth,188.989195,
Bi,190.0,83,bismuth,189.9886216,
Bi,191.0,83,bismuth,190.9857866,
Bi,192.0,83,bismuth,191.9854691,
Bi,193.0,83,bismuth,192.9829598,
Bi,195.0,83,bismuth,194.9806488,
Bi,196.0,83,bismuth,195.9806665,
Bi,197.0,83,bismuth,196.9788651,
Bi,198.0,83,bismuth,197.979206,
Bi,199.0,83,bismuth,198.977673,
Bi,200.0,83,bismuth,199.9781312,
Bi,201.0,83,bismuth,200.9770104,
Bi,202.0,83,bismuth,201.9777339,
Bi,203.0,83,bismuth,202.9768928,
Bi,204.0,83,bismuth,203.9778361,
Bi,205.0,83,bismuth,204.9773867,
Bi,206.0,83,bismuth,205.9784993,
Bi,207.0,83,bismuth,206.978471,0.0
Bi,208.0,83,bismuth,207.9797425,
Bi,209.0,83,bismuth,208.9803991,100.0
Bi,210.0,83,bismuth,209.9841207,
Bi,211.0,83,bismuth,210.9872697,
Bi,212.0,83,bismuth,211.991286,
Bi,213.0,83,bismuth,212.9943851,
Bi,214.0,83,bismuth,213.9987119,
Bi,215.0,83,bismuth,215.0017698,
Bi,216.0,83,bismuth,216.006306,
Bi,217.0,83,bismuth,217.009372,
Bi,218.0,83,bismuth,218.014188,
Po,186.0,84,polonium,186.0043932,
Po,187.0,84,polonium,187.0030411,
Po,188.0,84,polonium,187.9994156,
Po,189.0,84,polonium,188.9984734,
Po,190.0,84,polonium,189.9951006,
Po,191.0,84,polonium,190.9945585,
Po,192.0,84,polonium,191.9913359,
Po,193.0,84,polonium,192.9910257,
Po,194.0,84,polonium,193.9881861,
Po,195.0,84,polonium,194.9881255,
Po,196.0,84,polonium,195.9855259,
Po,197.0,84,polonium,196.9856595,
Po,198.0,84,polonium,197.9833891,
Po,199.0,84,polonium,198.9836671,
Po,200.0,84,polonium,199.9817988,
Po,201.0,84,polonium,200.9822598,
Po,202.0,84,polonium,201.9807577,
Po,203.0,84,polonium,202.9814161,
Po,204.0,84,polonium,203.9803103,
Po,205.0,84,polonium,204.9812031,
Po,206.0,84,polonium,205.980474,
Po,207.0,84,polonium,206.9815938,
Po,208.0,84,polonium,207.9812461,
Po,209.0,84,polonium,208.9824308,0.0
Po,210.0,84,polonium,209.9828741,
Po,211.0,84,polonium,210.9866536,
Po,212.0,84,polonium,211.9888684,
Po,213.0,84,polonium,212.9928576,
Po,214.0,84,polonium,213.9952017,
Po,215.0,84,polonium,214.9994201,
Po,216.0,84,polonium,216.0019152,
Po,217.0,84,polonium,217.0063182,
Po,218.0,84,polonium,218.0089735,
Po,219.0,84,polonium,219.013614,
Po,220.0,84,polonium,220.016386,
Po,221.0,84,polonium,221.021228,
Po,222.0,84,polonium,222.02414,
At,191.0,85,astatine,191.0041479,
At,192.0,85,astatine,192.0031517,
At,193.0,85,astatine,192.9999274,
At,194.0,85,astatine,193.9992361,
At,195.0,85,astatine,194.9962685,
At,196.0,85,astatine,195.9957996,
At,197.0,85,astatine,196.9931892,
At,199.0,85,astatine,198.9905277,
At,200.0,85,astatine,199.990351,
At,201.0,85,astatine,200.9884171,
At,202.0,85,astatine,201.9886303,
At,203.0,85,astatine,202.986943,
At,204.0,85,astatine,203.9872512,
At,205.0,85,astatine,204.9860759,
At,206.0,85,astatine,205.9866569,
At,207.0,85,astatine,206.9858003,
At,208.0,85,astatine,207.9866133,
At,209.0,85,astatine,208.9861702,
At,210.0,85,astatine,209.9871479,
At,211.0,85,astatine,210.9874966,
At,212.0,85,astatine,211.9907377,
At,213.0,85,astatine,212.992937,
At,214.0,85,astatine,213.9963721,
At,215.0,85,astatine,214.9986528,
At,216.0,85,astatine,216.0024236,
At,217.0,85,astatine,217.0047192,
At,218.0,85,astatine,218.0086947,
At,219.0,85,astatine,219.0111618,
At,220.0,85,astatine,220.015433,
At,221.0,85,astatine,221.018017,
At,222.0,85,astatine,222.022494,
At,223.0,85,astatine,223.025151,
At,224.0,85,astatine,224.029749,
Rn,193.0,86,radon,193.009708,
Rn,194.0,86,radon,194.0061444,
Rn,195.0,86,radon,195.0054217,
Rn,196.0,86,radon,196.002116,
Rn,197.0,86,radon,197.0015846,
Rn,198.0,86,radon,197.9986792,
Rn,199.0,86,radon,198.9983899,
Rn,200.0,86,radon,199.9956904,
Rn,201.0,86,radon,200.995628,
Rn,202.0,86,radon,201.9932643,
Rn,203.0,86,radon,202.9933877,
Rn,204.0,86,radon,203.9914299,
Rn,205.0,86,radon,204.9917188,
Rn,206.0,86,radon,205.9902142,
Rn,207.0,86,radon,206.9907303,
Rn,208.0,86,radon,207.9896347,
Rn,209.0,86,radon,208.9904145,
Rn,210.0,86,radon,209.9896891,
Rn,211.0,86,radon,210.9906011,
Rn,212.0,86,radon,211.9907039,
Rn,213.0,86,radon,212.9938831,
Rn,214.0,86,radon,213.995363,
Rn,215.0,86,radon,214.9987459,
Rn,216.0,86,radon,216.0002719,
Rn,217.0,86,radon,217.003928,
Rn,218.0,86,radon,218.0056016,
Rn,219.0,86,radon,219.0094804,
Rn,220.0,86,radon,220.0113941,
Rn,221.0,86,radon,221.0155371,
Rn,222.0,86,radon,222.0175782,
Rn,223.0,86,radon,223.0218893,
Rn,224.0,86,radon,224.0240958,
Rn,225.0,86,radon,225.0284856,
Rn,226.0,86,radon,226.0308614,
Rn,227.0,86,radon,227.0353044,
Rn,228.0,86,radon,228.0378354,
Rn,229.0,86,radon,229.0422573,
Fr,199.0,87,francium,199.0072586,
Fr,200.0,87,francium,200.006586,
Fr,201.0,87,francium,201.0038666,
Fr,203.0,87,francium,203.0009407,
Fr,204.0,87,francium,204.0006521,
Fr,205.0,87,francium,204.9985939,
Fr,206.0,87,francium,205.9986661,
Fr,207.0,87,francium,206.9969465,
Fr,208.0,87,francium,207.9971381,
Fr,209.0,87,francium,208.9959549,
Fr,210.0,87,francium,209.9964224,
Fr,211.0,87,francium,210.9955557,
Fr,212.0,87,francium,211.9962257,
Fr,213.0,87,francium,212.996186,
Fr,214.0,87,francium,213.9989713,
Fr,215.0,87,francium,215.0003418,
Fr,216.0,87,francium,216.0031899,
Fr,217.0,87,francium,217.0046323,
Fr,218.0,87,francium,218.0075787,
Fr,219.0,87,francium,219.0092524,
Fr,220.0,87,francium,220.0123277,
Fr,221.0,87,francium,221.0142552,
Fr,222.0,87,francium,222.0175522,
Fr,223.0,87,francium,223.019736,
Fr,224.0,87,francium,224.023398,
Fr,225.0,87,francium,225.0255727,
Fr,226.0,87,francium,226.029566,
Fr,227.0,87,francium,227.031869,
Fr,228.0,87,francium,228.0358232,
Fr,229.0,87,francium,229.038298,
Fr,230.0,87,francium,230.0424163,
Fr,231.0,87,francium,231.045158,
Ra,202.0,88,radium,202.0097597,
Ra,203.0,88,radium,203.0093043,
Ra,204.0,88,radium,204.0064919,
Ra,205.0,88,radium,205.0062682,
Ra,206.0,88,radium,206.0038281,
Ra,207.0,88,radium,207.0037992,
Ra,208.0,88,radium,208.0018411,
Ra,209.0,88,radium,209.0019905,
Ra,210.0,88,radium,210.0004942,
Ra,211.0,88,radium,211.0008932,
Ra,212.0,88,radium,211.9997867,
Ra,213.0,88,radium,213.0003843,
Ra,214.0,88,radium,214.0000997,
Ra,215.0,88,radium,215.0027204,
Ra,216.0,88,radium,216.0035334,
Ra,217.0,88,radium,217.0063207,
Ra,218.0,88,radium,218.0071406,
Ra,219.0,88,radium,219.0100855,
Ra,220.0,88,radium,220.0110259,
Ra,221.0,88,radium,221.0139177,
Ra,222.0,88,radium,222.0153748,
Ra,223.0,88,radium,223.0185023,
Ra,224.0,88,radium,224.020212,
Ra,225.0,88,radium,225.0236119,
Ra,226.0,88,radium,226.0254103,
Ra,227.0,88,radium,227.0291783,
Ra,228.0,88,radium,228.0310707,
Ra,229.0,88,radium,229.0349423,
Ra,230.0,88,radium,230.0370548,
Ra,231.0,88,radium,231.0410271,
Ra,232.0,88,radium,232.0434753,
Ra,233.0,88,radium,233.047582,
Ra,234.0,88,radium,234.050342,
Ac,207.0,89,actinium,207.0119658,
Ac,208.0,89,actinium,208.0115504,
Ac,209.0,89,actinium,209.0094948,
Ac,210.0,89,actinium,210.0094361,
Ac,211.0,89,actinium,211.0077319,
Ac,212.0,89,actinium,212.0078132,
Ac,213.0,89,actinium,213.006609,
Ac,214.0,89,actinium,214.0069185,
Ac,215.0,89,actinium,215.0064745,
Ac,216.0,89,actinium,216.0087435,
Ac,217.0,89,actinium,217.0093439,
Ac,218.0,89,actinium,218.0116416,
Ac,219.0,89,actinium,219.0124207,
Ac,220.0,89,actinium,220.0147549,
Ac,221.0,89,actinium,221.0155916,
Ac,222.0,89,actinium,222.0178442,
Ac,223.0,89,actinium,223.0191377,
Ac,224.0,89,actinium,224.0217232,
Ac,225.0,89,actinium,225.02323,
Ac,226.0,89,actinium,226.0260984,
Ac,227.0,89,actinium,227.0277523,0.0
Ac,228.0,89,actinium,228.0310215,
Ac,229.0,89,actinium,229.0329559,
Ac,230.0,89,actinium,230.036327,
Ac,231.0,89,actinium,231.038393,
Ac,232.0,89,actinium,232.042034,
Ac,233.0,89,actinium,233.044346,
Ac,234.0,89,actinium,234.048139,
Ac,235.0,89,actinium,235.05084,
Ac,236.0,89,actinium,236.054988,
Th,208.0,90,thorium,208.0179003,
Th,209.0,90,thorium,209.017753,
Th,210.0,90,thorium,210.0150936,
Th,211.0,90,thorium,211.0149295,
Th,212.0,90,thorium,212.0129876,
Th,213.0,90,thorium,213.0130092,
Th,214.0,90,thorium,214.0115002,
Th,215.0,90,thorium,215.0117248,
Th,216.0,90,thorium,216.011056,
Th,217.0,90,thorium,217.0131167,
Th,218.0,90,thorium,218.0132763,
Th,219.0,90,thorium,219.0155375,
Th,220.0,90,thorium,220.0157481,
Th,221.0,90,thorium,221.0181841,
Th,222.0,90,thorium,222.0184685,
Th,223.0,90,thorium,223.0208119,
Th,224.0,90,thorium,224.0214644,
Th,225.0,90,thorium,225.0239514,
Th,226.0,90,thorium,226.0249034,
Th,227.0,90,thorium,227.0277042,
Th,228.0,90,thorium,228.0287413,
Th,229.0,90,thorium,229.0317627,0.0
Th,230.0,90,thorium,230.0331341,
Th,231.0,90,thorium,231.0363046,
Th,232.0,90,thorium,232.0380558,100.0
Th,233.0,90,thorium,233.0415823,
Th,234.0,90,thorium,234.0436014,
Th,235.0,90,thorium,235.047255,
Th,236.0,90,thorium,236.049657,
Th,237.0,90,thorium,237.053629,
Pa,212.0,91,protactinium,212.023203,
Pa,213.0,91,protactinium,213.0211092,
Pa,214.0,91,protactinium,214.0209185,
Pa,215.0,91,protactinium,215.0191829,
Pa,216.0,91,protactinium,216.0191089,
Pa,217.0,91,protactinium,217.0183254,
Pa,218.0,91,protactinium,218.0200586,
Pa,219.0,91,protactinium,219.019904,
Pa,221.0,91,protactinium,221.0218749,
Pa,223.0,91,protactinium,223.0239626,
Pa,224.0,91,protactinium,224.0256176,
Pa,225.0,91,protactinium,225.026131,
Pa,226.0,91,protactinium,226.0279481,
Pa,227.0,91,protactinium,227.0288054,
Pa,228.0,91,protactinium,228.0310517,
Pa,229.0,91,protactinium,229.0320972,
Pa,230.0,91,protactinium,230.034541,
Pa,231.0,91,protactinium,231.0358842,
Pa,232.0,91,protactinium,232.0385917,
Pa,233.0,91,protactinium,233.0402472,
Pa,234.0,91,protactinium,234.0433072,
Pa,235.0,91,protactinium,235.045399,
Pa,236.0,91,protactinium,236.048668,
Pa,237.0,91,protactinium,237.051023,
Pa,238.0,91,protactinium,238.054637,
U,218.0,92,uranium,218.0235235,
U,219.0,92,uranium,219.0249991,
U,223.0,92,uranium,223.0277392,
U,224.0,92,uranium,224.0276052,
U,225.0,92,uranium,225.0293914,
U,226.0,92,uranium,226.0293391,
U,227.0,92,uranium,227.0311568,
U,228.0,92,uranium,228.0313715,
U,229.0,92,uranium,229.0335063,
U,230.0,92,uranium,230.0339401,
U,231.0,92,uranium,231.0362939,
U,232.0,92,uranium,232.0371563,
U,233.0,92,uranium,233.0396355,
U,234.0,92,uranium,234.0409523,0.0055
U,235.0,92,uranium,235.0439301,0.72
U,236.0,92,uranium,236.0455682,
U,237.0,92,uranium,237.0487304,
U,238.0,92,uranium,238.0507884,99.2745
U,239.0,92,uranium,239.0542935,
U,240.0,92,uranium,240.0565934,
Np,225.0,93,neptunium,225.0339109,
Np,227.0,93,neptunium,227.0349571,
Np,228.0,93,neptunium,228.0360669,
Np,229.0,93,neptunium,229.0362641,
Np,230.0,93,neptunium,230.0378279,
Np,231.0,93,neptunium,231.0382454,
Np,233.0,93,neptunium,233.040741,
Np,234.0,93,neptunium,234.0428953,
Np,235.0,93,neptunium,235.0440635,
Np,236.0,93,neptunium,236.0465697,
Np,237.0,93,neptunium,237.0481736,
Np,238.0,93,neptunium,238.0509466,
Np,239.0,93,neptunium,239.0529392,
Np,240.0,93,neptunium,240.0561654,
Np,241.0,93,neptunium,241.0582526,
Np,242.0,93,neptunium,242.0616414,
Pu,228.0,94,plutonium,228.0387325,
Pu,229.0,94,plutonium,229.0401436,
Pu,230.0,94,plutonium,230.0396503,
Pu,231.0,94,plutonium,231.0411015,
Pu,232.0,94,plutonium,232.0411846,
Pu,233.0,94,plutonium,233.0429977,
Pu,234.0,94,plutonium,234.0433174,
Pu,235.0,94,plutonium,235.0452862,
Pu,236.0,94,plutonium,236.0460581,
Pu,237.0,94,plutonium,237.0484098,
Pu,238.0,94,plutonium,238.0495601,
Pu,239.0,94,plutonium,239.0521636,
Pu,240.0,94,plutonium,240.0538138,
Pu,241.0,94,plutonium,241.0568517,
Pu,242.0,94,plutonium,242.0587428,
Pu,243.0,94,plutonium,243.0620036,
Pu,244.0,94,plutonium,244.0642053,
Pu,245.0,94,plutonium,245.0678261,
Pu,246.0,94,plutonium,246.0702055,
Am,235.0,95,americium,235.0479082,
Am,238.0,95,americium,238.0519845,
Am,239.0,95,americium,239.0530247,
Am,240.0,95,americium,240.0553004,
Am,241.0,95,americium,241.0568293,
Am,242.0,95,americium,242.0595494,
Am,243.0,95,americium,243.0613813,
Am,244.0,95,americium,244.0642851,
Am,245.0,95,americium,245.0664548,
Cm,233.0,96,curium,233.05077,
Cm,234.0,96,curium,234.0501602,
Cm,236.0,96,curium,236.0513745,
Cm,237.0,96,curium,237.0528693,
Cm,238.0,96,curium,238.0530814,
Cm,239.0,96,curium,239.0549101,
Cm,240.0,96,curium,240.0555297,
Cm,241.0,96,curium,241.0576532,
Cm,242.0,96,curium,242.058836,
Cm,243.0,96,curium,243.0613893,
Cm,244.0,96,curium,244.0627528,
Cm,245.0,96,curium,245.0654915,
Cm,246.0,96,curium,246.0672238,
Cm,247.0,96,curium,247.0703541,
Cm,248.0,96,curium,248.0723499,
Cm,249.0,96,curium,249.0759548,
Cm,250.0,96,curium,250.0783583,
Cm,251.0,96,curium,251.0822864,
Bk,243.0,97,berkelium,243.0630078,
Bk,244.0,97,berkelium,244.065181,
Bk,245.0,97,berkelium,245.0663618,
Bk,246.0,97,berkelium,246.0686731,
Bk,247.0,97,berkelium,247.0703073,
Bk,249.0,97,berkelium,249.0749877,
Bk,250.0,97,berkelium,250.0783167,
Bk,251.0,97,berkelium,251.080762,
Cf,237.0,98,californium,237.0621978,
Cf,240.0,98,californium,240.0622557,
Cf,242.0,98,californium,242.0637543,
Cf,244.0,98,californium,244.0660008,
Cf,245.0,98,californium,245.0680487,
Cf,246.0,98,californium,246.0688055,
Cf,247.0,98,californium,247.0709655,
Cf,248.0,98,californium,248.0721851,
Cf,249.0,98,californium,249.0748539,
Cf,250.0,98,californium,250.0764062,
Cf,251.0,98,californium,251.0795886,
Cf,252.0,98,californium,252.0816272,
Cf,253.0,98,californium,253.0851345,
Cf,254.0,98,californium,254.0873243,
Es,247.0,99,einsteinium,247.073622,
Es,251.0,99,einsteinium,251.0799936,
Es,252.0,99,einsteinium,252.0829799,
Es,253.0,99,einsteinium,253.0848257,
Es,254.0,99,einsteinium,254.0880222,
Es,255.0,99,einsteinium,255.090275,
Fm,246.0,100,fermium,246.0753505,
Fm,248.0,100,fermium,248.0771865,
Fm,249.0,100,fermium,249.0789276,
Fm,250.0,100,fermium,250.079521,
Fm,251.0,100,fermium,251.0815399,
Fm,252.0,100,fermium,252.0824671,
Fm,253.0,100,fermium,253.0851846,
Fm,254.0,100,fermium,254.0868544,
Fm,255.0,100,fermium,255.089964,
Fm,256.0,100,fermium,256.0917745,
Fm,257.0,100,fermium,257.0951061,
Md,251.0,101,mendelevium,251.0847744,
Md,255.0,101,mendelevium,255.0910841,
Md,257.0,101,mendelevium,257.0955424,
Md,258.0,101,mendelevium,258.0984315,
No,252.0,102,nobelium,252.0889669,
No,253.0,102,nobelium,253.0905641,
No,254.0,102,nobelium,254.0909557,
No,255.0,102,nobelium,255.0931914,
No,256.0,102,nobelium,256.0942829,
No,257.0,102,nobelium,257.0968878,
Lr,255.0,103,lawrencium,255.0965624,
Lr,256.0,103,lawrencium,256.098494,
Rf,256.0,104,rutherfordium,256.1011522,
Rf,257.0,104,rutherfordium,257.1029181,
Rf,258.0,104,rutherfordium,258.1034277,
Rf,261.0,104,rutherfordium,261.1087734,
Db,259.0,105,dubnium,259.1094919,
Sg,260.0,106,seaborgium,260.1143841,
Sg,261.0,106,seaborgium,261.1159495,
Sg,262.0,106,seaborgium,262.1163367,
Bh,,107,bohrium,,
Hs,264.0,108,hassium,264.1283569,
Hs,265.0,108,hassium,265.129793,
Hs,266.0,108,hassium,266.1300464,
Mt,,109,meitnerium,,
Ds,269.0,110,darmstadtium,269.1447521,
Ds,270.0,110,darmstadtium,270.1445842,
Rg,,111,roentgenium,,
Cn,,112,copernicium,,
Nh,,113,nihonium,,
Fl,,114,flerovium,,
Mc,,115,moscovium,,
Lv,,116,livermorium,,
Ts,,117,tennessine,,
Og,,118,oganesson,,
