,symbol,Z,A,energy_level_keV,half_life_s,spin,magnetic_dipole_moment_J_T,electric_quadrupole_moment_Cm2
0,n,0,1,0,636.0,-0.5,-9.662364884650948e-27,
1,H,1,1,0,inf,-0.5,1.410606781866751e-26,
5,H,1,2,0.0,inf,1.0,4.33073508549125e-27,4.58222475282e-50
11,Li,3,6,0.0,inf,1.0,4.154607994935333e-27,-1.2913542485219998e-50
17,Li,3,7,0.0,inf,-1.5,1.6447687711404789e-26,-6.408705948000001e-49
29,Li,3,8,0.0,0.842,2.0,8.351773893318439e-27,5.0308341691799995e-49
36,Li,3,9,0.0,0.178,-1.5,1.7344391222366002e-26,-4.87061652048e-49
42,Li,3,11,0.0,0.0085,-1.5,1.8526274607932002e-26,-5.3352477017100005e-49
50,Be,4,9,0.0,inf,-1.5,-5.94724729773551e-27,8.47551361623e-49
57,B,5,8,0.0,0.77,2.0,5.23155124758721e-27,1.030199481141e-48
63,B,5,10,0.0,inf,3.0,9.094667302513442e-27,1.3538391315150001e-48
67,B,5,11,0.0,inf,-1.5,1.3579784036454282e-26,6.5032343607330006e-49
73,B,5,12,0.0,0.020399999999999998,1.0,5.050783699e-27,2.1148729628399998e-49
77,B,5,13,0.0,0.0174,-1.5,1.60503804386822e-26,5.8479441775499995e-49
81,B,5,14,0.0,0.013800000000000002,-2.0,5.9851786833150004e-27,4.75846416639e-49
84,B,5,15,0.0,0.0103,-1.5,1.3430033855641e-26,6.07224888573e-49
87,B,5,17,0.0,0.0050999999999999995,-1.5,1.287949843245e-26,6.16837947495e-49
92,C,6,11,0.0,1224.0,-1.5,-4.868955485836e-27,5.3352477017100005e-49
94,C,6,12,4438,4.5000000000000004e-14,2.0,-4.868955485836e-27,9.613058922e-49
95,C,6,13,0,inf,-0.5,3.5477300694252485e-27,9.613058922e-49
105,N,7,12,0.0,0.011,1.0,2.3097233855527e-27,1.6021764870000003e-48
111,N,7,14,0.0,inf,1.0,2.039309477091939e-27,3.274848739428e-49
121,N,7,16,0.0,7.13,-2.0,1.00303513478441e-26,-2.8839176766e-49
130,N,7,18,0.0,0.624,-1.0,1.6561519749021e-27,4.3258765149e-49
134,O,8,13,0.0,8..6 ms,-1.5,7.0160436362809e-27,1.77841590057e-49
142,O,8,17,0.0,inf,-2.5,-9.56512366132921e-27,-4.10157180672e-49
154,O,8,19,0.0,27.0,-2.5,7.73754808768305e-27,5.79987888294e-50
166,F,9,18,0.0,1.53e-07,5.0,1.4445241379139998e-26,1.1375453057699998e-48
170,F,9,19,0.0,8.85e-08,-2.5,1.8157567397905e-26,1.509250250754e-48
174,F,9,20,0.0,11.0,2.0,1.05738156738565e-26,8.972188327200001e-49
177,F,9,21,0.0,4.16,-2.5,1.984957993707e-26,1.7623941357e-48
179,F,9,22,0.0,4.2,4.0,1.36088315985856e-26,4.806529461e-50
186,Ne,10,20,0.0,6.999999999999999e-13,2.0,5.45484639492e-27,-3.6850059201e-48
192,Ne,10,21,0.0,inf,-1.5,-3.342593499647103e-27,1.6342200167399996e-48
204,Ne,10,23,0.0,37.6,-2.5,-5.45484639492e-27,2.3231559061499997e-48
207,Na,11,20,0.0,0.446,2.0,1.8657594984106002e-27,1.61819825187e-48
212,Na,11,21,0.0,22.5,-1.5,1.20526851409237e-26,2.21100355206e-48
218,Na,11,22,0.0,82049760.0,3.0,8.818668338454e-27,2.8839176765999994e-48
225,Na,11,23,0.0,inf,-1.5,1.1200898754476064e-26,1.66626354648e-48
234,Na,11,25,0.0,60.0,-2.5,1.8602036363417e-26,2.4032647305e-50
238,Na,11,26,0.0,1.07,3.0,1.4399784325849e-26,-8.4915353811e-50
241,Na,11,27,0.0,0.29,-2.5,1.9672802507605e-26,-1.1375453057700001e-49
246,Na,11,28,0.0,0.0305,1.0,1.2253201253774e-26,6.2324665344299995e-49
251,Na,11,29,0.0,0.043000000000000003,-1.5,1.2369369278850999e-26,1.3618500139500001e-48
258,Mg,12,23,0.0,11.3,-1.5,2.7092403761436e-27,1.82648119518e-48
261,Mg,12,24,0.0,1.4499999999999999e-12,2.0,5.15179937298e-27,-4.6463118122999993e-48
269,Mg,12,25,0.0,inf,-2.5,-4.3206929153095504e-27,3.1883312091300005e-48
272,Mg,12,26,0.0,4.76e-13,2.0,5.050783699e-27,-3.3645706227e-48
281,Al,13,23,0.0,37.2,-2.5,1.9642497805410998e-26,2.5634823792000003e-48
284,Al,13,25,0.0,7.18,-2.5,1.84126319747045e-26,3.8452235688e-48
289,Al,13,27,0.0,inf,-2.5,1.8392463690316024e-26,2.348790729942e-48
293,Al,13,28,0.0,134.4,3.0,1.6374640752158002e-26,2.7557435576399996e-48
299,Al,13,31,0.0,0.644,-2.5,1.914247021921e-26,2.2430470818e-48
303,Al,13,32,0.0,0.033,1.0,9.894485266341e-27,4.005441217500001e-49
306,Al,13,33,0.0,0.044,-2.5,2.0647603761512e-26,2.1148729628400002e-48
311,Si,14,27,0.0,4.1,-2.5,-4.320440376124601e-27,1.0093711868099999e-48
315,Si,14,28,0.0,4.899999999999999e-13,2.0,5.5558620689e-27,2.5634823792000003e-48
320,Si,14,30,0.0,2.5e-13,2.0,4.0406269592e-27,-8.010882435000001e-49
336,S,16,32,0.0,1.6e-13,2.0,4.5457053291e-27,-2.5634823792000003e-48
343,S,16,33,0.0,inf,-1.5,3.2518016220306185e-27,-1.086275658186e-48
348,S,16,34,0.0,3.2e-13,2.0,5.050783699e-27,6.408705948000001e-49
351,S,16,35,0.0,7551360.000000001,-1.5,5.050783699e-27,7.54625125377e-49
356,S,16,43,0.0,4.1500000000000005e-07,-3.5,5.6063699058900004e-27,3.6850059201e-48
363,Cl,17,35,0.0,inf,-1.5,4.151109317067036e-27,-1.3089781898789998e-47
367,Cl,17,36,0.0,3.0x105 y,2.0,6.49263092155353e-27,-2.85187414686e-48
370,Cl,17,37,0.0,inf,-1.5,3.4553603269811964e-27,-1.031801657628e-48
379,Ar,18,35,0.0,1.78,-1.5,3.197146081467e-27,-1.34582824908e-48
381,Ar,18,36,0.0,2.8e-13,2.0,5.050783699e-27,1.7623941357e-48
383,Ar,18,37,0.0,3024000.0,-1.5,5.783147335355e-27,1.21765413012e-48
390,Ar,18,39,0.0,8488994400.0,-3.5,-6.566018808700001e-27,-1.9226117844e-48
394,Ar,18,40,0.0,1.12e-12,2.0,-1.0101567398e-27,1.6021764870000002e-49
396,Ar,18,41,0.0,6552.0,-3.5,-6.611475861991e-27,-6.7291412454e-49
398,Ar,18,43,0.0,322.2,-2.5,-5.1568501566789994e-27,2.2750906115399996e-48
403,K,19,37,0.0,1.23,-1.5,1.02636975547379e-27,1.6983070762199998e-48
410,K,19,39,0.0,inf,-1.5,1.9774187393873398e-27,9.372732448950001e-49
418,K,19,40,0.0,1.3x10*9y,-4.0,-6.5569273980418e-27,-1.1695888355099999e-48
426,K,19,41,0.0,inf,-1.5,1.0853767482254453e-27,1.1391474822569999e-48
443,Ca,20,39,0.0,0.86,-1.5,5.16028468959432e-27,5.7678353532e-49
451,Ca,20,41,0.0,1.0x105 y,-3.5,-8.131761755390001e-27,-1.065447363855e-47
457,Ca,20,42,0.0,1.1000000000000002e-12,2.0,4.0406269592e-28,-3.0441353253000006e-48
462,Ca,20,43,0.0,inf,-3.5,-6.655129785501457e-27,-6.5368800669600004e-49
468,Ca,20,44,0.0,3e-12,2.0,-3.0304702194e-27,-2.2430470818e-48
471,Ca,20,45,0.0,14256000.0,-3.5,-6.646831347884e-27,6.0882706506e-49
478,Sc,21,41,0.0,0.59,-3.5,2.7430806269269e-26,-2.3231559061499997e-48
484,Sc,21,43,0.0,14004.0,-3.5,2.333462068938e-26,-4.3258765149e-48
488,Sc,21,43,0.0,4.73e-07,-9.5,1.5768546708278e-26,3.1883312091300005e-48
491,Sc,21,44,0.0,14004.0,2.0,1.293000626944e-26,1.6021764870000003e-48
494,Sc,21,44,0.0,1.53e-07,-1.0,1.727368025058e-27,3.3645706227e-48
498,Sc,21,44,0.0,210960.0,6.0,1.959704075212e-26,-3.0441353253000006e-48
503,Sc,21,45,0.0,inf,-3.5,2.4023987004105413e-26,-3.5247882714e-48
507,Sc,21,45,0.0,0.318,-1.5,1.8182821316399998e-27,4.4860941636e-48
511,Sc,21,46,0.0,7241184.0,4.0,1.5303874607969998e-26,1.9065900195300002e-48
513,Sc,21,47,0.0,295488.0,-3.5,2.697118495266e-26,-3.5247882714e-48
519,Ti,22,43,0.0,5.6e-07,-9.5,3.646665830678e-26,5.2871824071000006e-48
523,Ti,22,45,0.0,11124.0,-3.5,4.79824451405e-28,2.4032647305e-49
529,Ti,22,46,0.0,5.3600000000000006e-12,2.0,5.050783699e-27,-3.3645706227e-48
532,Ti,22,47,0.0,inf,-2.5,-3.98244193098752e-27,4.83857299074e-48
538,Ti,22,48,0.0,4.29e-12,2.0,4.5457053291e-27,-2.8358523819899996e-48
541,Ti,22,49,0.0,inf,-3.5,-5.576923836924831e-27,3.95737592289e-48
558,V,23,50,0.0,1.5x1017 y,6.0,1.689835095804524e-26,3.3645706227e-48
561,V,23,51,0.0,inf,-3.5,2.6004998820508386e-26,-6.889358894099999e-49
571,Cr,24,50,0.0,9.2e-12,2.0,4.5457053291e-27,-5.767835353199999e-48
581,Cr,24,52,0.0,7.069999999999999e-13,2.0,1.61625078368e-26,-1.2817411896000001e-48
583,Cr,24,53,0.0,inf,-1.5,-2.39679889652346e-27,-2.4032647304999997e-48
589,Cr,24,54,0.0,8e-12,2.0,5.5558620689e-27,-3.3645706227e-48
598,Mn,25,52,0.0,501120.0,6.0,1.54715606267768e-26,8.010882435e-48
602,Mn,25,53,0.0,3.7x106 y,-3.5,2.5375137303776e-26,2.7237000279000003e-48
607,Mn,25,54,0.0,26956800.0,3.0,1.6576167021748098e-26,5.9280530019e-48
611,Mn,25,55,0.0,inf,-2.5,1.7519743825749513e-26,5.2871824071000006e-48
614,Mn,25,56,0.0,9288.0,3.0,1.62968586831934e-26,7.6904471376e-48
623,Fe,26,54,0.0,8e-13,2.0,1.46472727271e-26,-8.010882435000001e-49
626,Fe,26,54,0.0,3.6700000000000004e-07,10.0,3.676970532872e-26,4.8065294609999993e-48
634,Fe,26,56,0.0,6.9e-12,2.0,6.16195611278e-27,-3.6850059201e-48
641,Fe,26,57,0.0,9.8e-08,-1.5,-7.823663949751001e-28,2.5634823792000003e-48
650,Fe,26,58,0.0,6.7e-12,2.0,4.5457053291e-27,-4.3258765149e-48
659,Co,27,56,0.0,6808320.0,4.0,2.0152626959010002e-26,4.0054412175e-48
663,Co,27,57,0.0,23414400.0,-3.5,2.4142746081220002e-26,8.6517530298e-48
668,Co,27,58,0.0,6117120.0,2.0,2.040516614396e-26,3.6850059201e-48
673,Co,27,59,0.0,inf,-3.5,2.3369976175273e-26,6.7291412454e-48
689,Ni,28,58,0.0,6.44e-13,2.0,-5.050783699e-28,-1.6021764870000003e-48
694,Ni,28,60,0.0,7.13e-13,2.0,1.0101567398e-27,-1.6021764870000003e-48
696,Ni,28,61,0.0,inf,-1.5,-3.78818878992398e-27,2.59552590894e-48
698,Ni,28,61,0.0,5.34e-09,-2.5,2.42437617552e-27,-3.2043529740000006e-48
703,Ni,28,62,0.0,1.43e-12,2.0,3.0304702194e-27,8.010882435000001e-49
708,Ni,28,64,0.0,8.499999999999999e-13,2.0,4.5457053291e-27,6.408705948000001e-48
719,Cu,29,58,0.0,3.2,1.0,2.6264075234800002e-27,-2.5634823792000003e-48
725,Cu,29,59,0.0,81.5,-1.5,9.29344200616e-27,-3.2043529740000006e-48
729,Cu,29,60,0.0,1404.0,2.0,6.156905329081001e-27,1.9386335492699998e-48
734,Cu,29,61,0.0,12276.0,-1.5,1.0808677115860001e-26,-3.5408100362699995e-48
740,Cu,29,62,0.0,583.8000000000001,1.0,-1.91929780562e-27,-3.5247882714e-49
750,Cu,29,63,0.0,inf,-1.5,1.1249840848519375e-26,3.5247882714e-48
754,Cu,29,64,0.0,45720.0,1.0,-1.096020062683e-27,1.20163236525e-47
764,Cu,29,66,0.0,306.0,1.0,-1.4243210031179999e-27,9.452841273299999e-49
767,Cu,29,66,0.0,0.60 s,-6.0,5.242713479562e-27,3.12424414965e-48
771,Cu,29,67,0.0,222588.0,-1.5,1.2828990595460001e-26,-2.91596120634e-48
775,Cu,29,68,0.0,31.1,1.0,1.3132037617400002e-26,-1.3778717788199998e-48
779,Cu,29,68,0.0,225.0,-6.0,6.566018808700001e-27,-7.3700118402e-48
783,Cu,29,69,0.0,171.0,-1.5,1.434422570516e-26,-2.46735178998e-48
788,Cu,29,70,0.0,44.5,-6.0,6.566018808700001e-27,-4.77448593126e-48
792,Cu,29,70,0.0,33.0,-3.0,-1.76777429465e-26,-2.2430470818e-48
796,Cu,29,70,0.0,6.6,1.0,9.596489028099999e-27,-1.9226117844e-48
799,Cu,29,71,0.0,19.5,-1.5,1.1515786833719998e-26,-3.2043529740000006e-48
801,Cu,29,72,0,6.62,-2.0,-6.8044157992928e-27,-3.0441353253000006e-48
802,Cu,29,72,0.0,6.62,-2.0,-6.8044157992928e-27,1.2817411896000001e-48
804,Cu,29,73,0.0,4.2,-1.5,8.8014956738774e-27,-3.3645706227e-48
806,Cu,29,74,0,1.63,-2.0,-5.394236990532e-27,-3.2043529740000006e-48
807,Cu,29,74,0.0,1.63,-2.0,-5.394236990532e-27,4.3258765149e-48
811,Cu,29,75,0.0,1.22,-2.5,5.00027586201e-27,-4.5021159284700007e-48
817,Zn,30,63,0.0,2286.0,-1.5,-1.42250272098636e-27,4.6463118122999993e-48
822,Zn,30,64,0.0,1.85e-12,2.0,4.5457053291e-27,-2.2430470818e-48
828,Zn,30,65,0.0,21090240.0,-2.5,3.884052664531e-27,-3.6850059201e-49
837,Zn,30,66,0.0,1.56e-12,2.0,4.5457053291e-27,-1.29776295447e-48
844,Zn,30,67,0.0,inf,-2.5,4.420470642204925e-27,2.4032647304999997e-48
848,Zn,30,67,0.0,3.3300000000000003e-07,-4.5,-5.540709717803e-27,8.6517530298e-48
855,Zn,30,68,0.0,1.61e-12,2.0,4.5457053291e-27,-1.6983070762199998e-48
868,Zn,30,69,0.0,49392.0,-4.5,5.8437567397430006e-27,-7.2097941915e-48
874,Zn,30,70,0.0,3.2e-12,2.0,3.0304702194e-27,-3.8452235688e-48
880,Ga,31,63,0.0,32.4,-1.5,7.419601253831001e-28,3.3966141524399996e-48
884,Ga,31,66,0.0,5.7e-08,-7.0,4.4951974921100005e-27,1.24969765986e-47
888,Ga,31,67,0.0,281880.0,-1.5,9.333848275752e-27,3.1562876793899996e-48
894,Ga,31,68,0.0,4085.9999999999995,1.0,5.934670846325e-29,-4.43802886899e-49
897,Ga,31,68,0.0,6.4e-08,-7.0,3.6365642632799996e-27,1.1535670706399997e-47
900,Ga,31,69,0.0,inf,-1.5,1.0192481504581999e-26,2.73972179277e-48
907,Ga,31,70,0.0,1266.0,1.0,2.883997492129e-27,1.68228531135e-48
910,Ga,31,71,0.0,inf,-1.5,1.294147154843673e-26,1.7143288410900002e-48
917,Ga,31,72,0.0,50760.0,-3.0,-6.6791563635576e-28,8.491535381100001e-48
923,Ga,31,74,0.0,487.19999999999993,-3.0,0.0,8.811970678500001e-48
926,Ga,31,75,0.0,126.0,-1.5,9.273238871364e-27,-4.56620298795e-48
928,Ga,31,76,0.0,32.6,2.0,-4.778041379254e-27,5.2871824071000006e-48
930,Ga,31,77,0.0,13.2,-1.5,1.020258307198e-26,-3.33252709296e-48
932,Ga,31,78,0.0,5.1,2.0,-6.136702194285001e-27,5.2871824071000006e-48
934,Ga,31,79,0.0,2.85,-1.5,5.2881705328529995e-27,2.53143884946e-48
936,Ga,31,80,0.0,0.2 - 1.7 s,-3.0,-7.197366771075e-27,6.088270650600001e-48
938,Ga,31,80,0.0,0.2 - 1.7 s,-6.0,1.81828213164e-28,7.6904471376e-48
940,Ga,31,81,0.0,1.22,-2.5,8.823719122153001e-27,-7.6904471376e-49
942,Ge,32,67,0.0,1.46e-07,-4.5,-4.288115360451e-27,1.47400236804e-47
950,Ge,32,69,0.0,140400.0,-2.5,3.712326018765e-27,4.3258765149e-49
953,Ge,32,69,0.0,2.8 s,-4.5,-5.055834482698999e-27,1.20163236525e-47
961,Ge,32,70,0.0,1.32e-12,2.0,4.5457053291e-27,4.806529461e-49
970,Ge,32,71,0.0,0.0202,-4.5,-5.259381065768699e-27,5.4474000558000006e-48
975,Ge,32,72,0.0,3.29e-12,2.0,3.5355485893e-27,-2.0828294331e-48
979,Ge,32,73,0.0,inf,-4.5,-4.4420011229570225e-27,-3.14026591452e-48
989,Ge,32,74,0.0,1.25e-11,2.0,3.5355485893e-27,-3.0441353253000006e-48
993,Ge,32,74,0.0,4.9000000000000005e-12,2.0,4.0406269592e-27,4.1656588662e-48
1000,Ge,32,76,0.0,1.8600000000000002e-11,2.0,2.8284388714400002e-27,-3.0441353253000006e-48
1009,As,33,70,0.0,3180.0,4.0,1.0637455548463901e-26,1.4419588382999997e-48
1013,As,33,71,0.0,235080.0,-2.5,8.28328526636e-27,-3.3645706227e-49
1016,As,33,72,0.0,93600.0,-2.0,-1.08925201252634e-26,-1.2817411896000001e-48
1020,As,33,73,0.0,5e-09,-2.5,8.23277742937e-27,5.70374829372e-48
1025,As,33,75,0.0,inf,-1.5,7.27050211903652e-27,5.03083416918e-48
1044,Se,34,74,0.0,7.08e-12,2.0,4.34367398114e-27,-5.767835353199999e-48
1049,Se,34,75,0.0,10238400.0,-2.5,3.3840250783300006e-27,1.7623941357000002e-47
1054,Se,34,76,0.0,1.23e-11,2.0,4.0406269592e-27,-5.4474000558000006e-48
1065,Se,34,78,0.0,8.6e-12,2.0,4.0406269592e-27,-4.1656588662e-48
1070,Se,34,79,0.0,<6.5x104 y,-3.5,-5.141697805582e-27,1.2817411896000002e-47
1073,Se,34,80,0.0,8e-12,2.0,4.0406269592e-27,-4.9667471096999993e-48
1079,Se,34,82,0.0,1.13e-11,2.0,4.5457053291e-27,-3.5247882714e-48
1093,Br,35,77,0.0,205200.0,-1.5,4.9184531660862e-27,8.171100083700001e-48
1100,Br,35,79,0.0,inf,-1.5,1.06389707835736e-26,5.0148124043100003e-48
1108,Br,35,80,0.0,1056.0,1.0,2.596102821286e-27,2.96402650095e-48
1113,Br,35,80,0.0,7.400000000000001e-09,-2.0,-8.43480877733e-27,2.6275694386800002e-48
1117,Br,35,80,0.0,15912.0,-5.0,6.6554176801723e-27,1.13754530577e-47
1121,Br,35,81,0.0,inf,-1.5,1.1468117537168837e-26,4.1977023959399996e-48
1130,Br,35,82,0.0,127079.99999999999,-5.0,8.217625078273e-27,1.132738776309e-47
1138,Kr,36,77,0.0,4464.0,-2.5,-2.944606896517e-27,1.5188633096759998e-47
1145,Kr,36,79,0.0,50.0,-3.5,-3.969915987414e-27,6.47279300748e-48
1147,Kr,36,79,0.0,7.770000000000001e-08,-2.5,5.677080877676001e-27,7.2097941915e-48
1153,Kr,36,81,0.0,2.3 x 10*5 y,-3.5,-4.591162382391e-27,1.031801657628e-47
1160,Kr,36,83,0.0,inf,-4.5,-4.902639162324631e-27,4.14963710133e-48
1164,Kr,36,83,0.0,1.47e-07,-3.5,-4.762889028157e-27,8.12303478909e-48
1169,Kr,36,84,0.0,1.84 s,8.0,-9.95004388703e-27,5.767835353199999e-48
1175,Kr,36,85,0.0,339559776.0,-4.5,-5.0785630093445e-27,7.09764183741e-48
1181,Kr,36,87,0.0,4578.0,-2.5,-5.166951724077e-27,-4.8065294609999993e-48
1183,Kr,36,89,0.0,189.0,-1.5,-1.6667586206700002e-27,2.65961296842e-48
1185,Kr,36,91,0.0,8.57,-2.5,-2.944606896517e-27,4.8545947556100003e-48
1187,Kr,36,94,666,8.7e-12,2.0,-2.085973667687e-27,-8.010882435e-48
1191,Rb,37,76,0.0,39.0,-1.0,-1.882037164115737e-27,7.3700118402e-48
1194,Rb,37,77,0.0,228.0,-1.5,3.293110971748e-27,1.34582824908e-47
1197,Rb,37,78,0.0,378.0,-4.0,1.293000626944e-26,1.5861547221299999e-47
1200,Rb,37,79,0.0,1380.0,-2.5,1.697063322864e-26,-1.9226117844e-48
1204,Rb,37,80,0.0,30.0,1.0,-4.19215047017e-28,6.7291412454e-48
1209,Rb,37,81,0.0,16488.0,-1.5,1.04020890280905e-26,7.6904471376e-48
1211,Rb,37,81,0.0,1920.0,-4.5,2.8274287147002e-26,-1.4419588383e-47
1214,Rb,37,82,0.0,75.0,1.0,2.7981341692460003e-27,3.6850059201e-48
1218,Rb,37,82,0.0,23292.0,-5.0,7.62668338549e-27,1.9226117843999997e-47
1225,Rb,37,83,0.0,7447680.0,-2.5,7.1968616927051e-27,3.8452235688e-48
1229,Rb,37,84,0.0,2851200.0,-2.0,-6.566018808700001e-27,-3.2043529740000003e-49
1232,Rb,37,84,0.0,1224.0,-6.0,1.0754785253791671e-27,1.1215235409e-47
1238,Rb,37,85,0.0,inf,-2.5,6.853913479543e-27,4.42200710412e-48
1247,Rb,37,85,0.0,1.02 s,-4.5,3.111282758584e-26,-1.4419588383e-47
1252,Rb,37,86,0.0,1611359.9999999998,-2.0,-8.576230720902e-27,3.6850059201e-48
1255,Rb,37,86,0.0,61.2,-6.0,9.167172413685e-27,7.2097941915e-48
1259,Rb,37,87,0.0,4.9 10*10y,-1.5,1.3895892890118264e-26,2.138905610145e-48
1268,Rb,37,88,0.0,1062.0,-2.0,2.5860012538880002e-27,-1.6021764870000002e-49
1272,Rb,37,89,0.0,912.0,-1.5,1.2005712852522998e-26,2.7237000279000003e-48
1276,Rb,37,90,0.0,255.6,-3.0,8.141863322788e-27,4.0054412175e-48
1280,Rb,37,91,0.0,58.0,-1.5,1.0995556112723001e-26,3.0441353253000006e-48
1284,Rb,37,93,0.0,5.85,-2.5,7.0710971786e-27,3.3645706227e-48
1287,Rb,37,94,0.0,2.73,-3.0,7.566073981102e-27,3.2043529740000006e-48
1289,Rb,37,95,0.0,0.38,-2.5,6.737745454466e-27,4.1656588662e-48
1291,Rb,37,96,0.0,0.2,2.0,7.404448902734e-27,4.8065294609999993e-48
1293,Rb,37,97,0.0,0.17,-1.5,9.298492789859e-27,1.1215235409e-47
1295,Sr,38,77,0.0,9.0,-2.5,-1.757672727252e-27,2.03476413849e-47
1298,Sr,38,79,0.0,135.0,-1.5,-2.394071473326e-27,1.059038657907e-47
1313,Sr,38,83,0.0,116640.0,-3.5,-4.1911403134302e-27,1.1343409527959998e-47
1330,Sr,38,85,0.0,5598720.0,-4.5,-5.0533090908495e-27,4.2137241608100003e-48
1342,Sr,38,87,0.0,inf,-4.5,-5.523552205577498e-27,4.88663828535e-48
1351,Sr,38,89,0.0,4363200.0,-2.5,-5.7988047648219e-27,-4.05350651211e-48
1356,Sr,38,91,0.0,34200.0,-2.5,-4.4699435736150004e-27,6.7291412454e-49
1362,Sr,38,93,0.0,444.0,-2.5,-4.0052714733070006e-27,3.8452235688e-48
1370,Sr,38,99,0.0,0.269,-1.5,-1.3182545454390002e-27,1.2176541301200002e-47
1394,Y,39,87,0.0,48240.0,-4.5,3.0607749215939997e-26,-8.010882435e-48
1396,Y,39,88,0.0,48240.0,-4.0,-2.12132915358e-27,2.5634823792000003e-48
1399,Y,39,88,0.0,0.014,8.0,2.459731661413e-26,9.613058922e-49
1404,Y,39,89,0.0,16.1,-4.5,3.146638244477e-26,-6.8893588941e-48
1406,Y,39,90,0.0,230759.99999999997,-2.0,-8.23277742937e-27,-2.00272060875e-48
1411,Y,39,90,0.0,11484.0,7.0,2.57589968649e-26,-1.04141471655e-47
1416,Y,39,92,0.0,12744.0,-2.0,-3.3840250783300006e-27,0.0
1420,Y,39,93,0.0,0.82,-4.5,3.050673354196e-26,-1.0253929516800001e-47
1422,Y,39,94,0.0,1122.0,-2.0,-1.21218808776e-27,-4.806529461e-49
1425,Y,39,96,0.0,9.6,8.0,3.3183648902430003e-26,-1.5701329572599997e-47
1428,Y,39,97,0.0,1.17,-4.5,2.969860815012e-26,-1.2176541301200002e-47
1430,Y,39,97,0.0,0.14200000000000002,-13.5,2.848642006236e-26,-1.9386335492699999e-47
1432,Y,39,98,0.0,2.0,4.0,1.505133542302e-26,2.7237000278999997e-47
1434,Y,39,99,0.0,1.47,-2.5,1.606149216282e-26,2.48337355485e-47
1436,Y,39,100,0.0,0.94,4.0,1.3889655172250001e-26,2.96402650095e-47
1438,Y,39,101,0.0,0.45,-2.5,1.6263523510780002e-26,2.45133002511e-47
1440,Y,39,102,0.0,0.3,2.0,1.1818833855659999e-26,1.8745464897899999e-47
1472,Zr,40,87,0.0,6048.0,-4.5,-4.520451410605e-27,6.7291412454e-48
1478,Zr,40,88,0.0,1.32 s,8.0,-8.0812539184e-27,7.0495765428e-48
1483,Zr,40,89,0.0,282240.0,-4.5,-5.404338557930001e-27,4.4860941636e-48
1490,Zr,40,90,0.0,1.34e-07,8.0,5.475049529716e-26,-7.0495765428e-48
1493,Zr,40,91,0.0,inf,-2.5,-6.58430264569038e-27,-2.81983061712e-48
1499,Zr,40,91,0.0,3.6 s,-10.5,4.9598695924180003e-26,1.13754530577e-47
1513,Zr,40,95,0.0,5529600.0,-2.5,5.70738557987e-27,3.5247882714e-48
1525,Zr,40,101,0.0,2.4,-1.5,-1.3738131661280001e-27,1.2977629544699999e-47
1545,Nb,41,90,0.0,52560.0,8.0,2.5056937930739e-26,1.6021764870000002e-49
1548,Nb,41,90,0.0,18.8,-4.0,-9.0914106582e-29,-4.1656588662e-48
1552,Nb,41,91,0.0,21459168000.0,-4.5,3.2936160501179e-26,-4.0054412175e-48
1559,Nb,41,92,0.0,3.5 x 107 y,7.0,2.5940825078064e-26,-5.6076177045e-48
1564,Nb,41,93,0.0,inf,-4.5,3.11658608146795e-26,-5.1269647584000006e-48
1575,Nb,41,99,0.0,15.0,-4.5,3.015317868303e-26,-6.7291412454e-48
1577,Nb,41,101,0.0,7.1,-2.5,1.611199999981e-26,1.68228531135e-47
1579,Nb,41,103,0.0,1.5,-2.5,1.5844308463763e-26,1.73035060596e-47
1584,Mo,42,90,0.0,1.1 s,8.0,-7.025640125309e-27,9.7732765707e-48
1595,Mo,42,92,0.0,1.9e-07,8.0,5.732639498365e-26,-5.767835353199999e-48
1601,Mo,42,94,0.0,2.8999999999999998e-12,2.0,3.13148589338e-27,-2.0828294331e-48
1604,Mo,42,94,0.0,9.8e-08,8.0,5.323526018746e-26,8.010882435e-48
1607,Mo,42,95,0.0,inf,-2.5,-4.6174264576258004e-27,-3.5247882714e-49
1612,Mo,42,96,0.0,3.7e-12,2.0,3.99011912221e-27,-3.2043529740000006e-48
1614,Mo,42,97,0.0,inf,-2.5,-4.7149065830165004e-27,4.0855500418500006e-48
1620,Mo,42,98,0.0,3.5e-12,2.0,3.5355485893e-27,-4.1656588662e-48
1626,Mo,42,100,0.0,1.0300000000000001e-11,2.0,3.5355485893e-27,-4.0054412175e-48
1658,Tc,43,99,0.0,2.1x10*5y,-4.5,2.8712190093705304e-26,-2.0668076682300002e-48
1667,Ru,44,93,0.0,2.4 s,-10.5,4.530552978003e-26,6.408705948000001e-49
1683,Ru,44,96,0.0,2.7000000000000002e-12,2.0,4.64672100308e-27,-2.4032647304999997e-48
1694,Ru,44,98,0.0,5.9e-12,2.0,4.0406269592e-27,-3.3645706227e-48
1699,Ru,44,99,0.0,inf,-2.5,4.506482963207046e-27,1.26571942473e-48
1702,Ru,44,99,0.0,2.05e-08,-1.5,-1.474828840108e-27,3.7010276849700007e-48
1706,Ru,44,100,0.0,1.2e-11,2.0,5.15179937298e-27,-7.0495765428e-48
1714,Ru,44,101,0.0,inf,-2.5,-3.616361128484e-27,7.3700118402e-48
1720,Ru,44,102,0.0,1.8e-11,2.0,3.73757993726e-27,-1.00937118681e-47
1728,Ru,44,103,0.0,3404160.0,-1.5,-1.16168025077e-27,9.933494219399999e-48
1732,Ru,44,104,0.0,5.8e-11,2.0,4.14164263318e-27,-1.24969765986e-47
1750,Rh,45,100,0.0,2.15e-07,2.0,2.1839588714476e-26,2.45133002511e-48
1766,Rh,45,103,0.0,6.7e-12,-1.5,3.48504075231e-27,-4.8065294609999993e-48
1770,Rh,45,103,0.0,7.299999999999999e-11,-2.5,5.50535423191e-27,-6.408705948000001e-48
1787,Pd,46,102,0.0,1.13e-11,2.0,3.93961128522e-27,-3.2043529740000006e-48
1794,Pd,46,104,0.0,9.7e-12,2.0,4.0406269592e-27,-7.3700118402e-48
1796,Pd,46,105,0.0,inf,-2.5,-3.242603134758e-27,1.0574364814200001e-47
1804,Pd,46,106,0.0,1.2e-11,2.0,4.0406269592e-27,-8.171100083700001e-48
1814,Pd,46,108,0.0,2.2999999999999998e-11,2.0,4.24265830716e-27,-9.292623624599999e-48
1824,Pd,46,110,0.0,4.5999999999999996e-11,2.0,3.73757993726e-27,-7.530229488899999e-48
1836,Ag,47,101,0.0,684.0,-4.5,2.87894670843e-26,5.6076177045e-48
1843,Ag,47,103,0.0,3960.0000000000005,-3.5,2.257700313453e-26,1.34582824908e-47
1848,Ag,47,104,0.0,4140.0,5.0,1.9783919748983e-26,1.6983070762200002e-47
1856,Ag,47,105,0.0,432.0,-3.5,2.2294159247386e-26,1.3618500139499999e-47
1867,Ag,47,106,0.0,7344000.0,6.0,1.929399373018e-26,1.77841590057e-47
1871,Ag,47,107,0.0,44.3,-3.5,2.2213346708202e-26,1.5701329572599997e-47
1880,Ag,47,108,0.0,13191076800.0,6.0,1.808180564242e-26,2.1148729628400002e-47
1885,Ag,47,109,0.0,39.8,-3.5,2.22234482756e-26,1.6342200167400002e-47
1889,Ag,47,109,0.0,5.9e-12,-1.5,6.0609404388e-27,-1.1215235409e-47
1893,Ag,47,109,0.0,3.5e-11,-2.5,4.5457053291e-27,-4.8065294609999993e-48
1895,Ag,47,110,0.0,24.4,1.0,1.37739922255429e-26,3.8452235688e-48
1898,Ag,47,110,0.0,21772800.0,6.0,1.8218176802293e-26,2.3071341412799995e-47
1905,Cd,48,102,0.0,5.6000000000000005e-08,8.0,5.202307209970001e-26,1.2176541301200002e-47
1908,Cd,48,103,0.0,438.0,-2.5,-4.0911347961900004e-27,-1.1215235409e-47
1909,Cd,48,103,0.0,438.0,-2.5,-4.0911347961900004e-27,-1.2817411896000002e-47
1911,Cd,48,105,0.0,3360.0,-2.5,-3.7340443886706996e-27,5.9280530019e-48
1912,Cd,48,105,0.0,3360.0,-2.5,-3.7340443886706996e-27,6.8893588941e-48
1914,Cd,48,105,0.0,4.5 s,-10.5,4.631568651983e-26,1.6342200167400002e-47
1918,Cd,48,106,0.0,7.3e-12,2.0,4.0406269592e-27,-4.4860941636e-48
1922,Cd,48,107,0.0,23400.0,-2.5,-3.1067370532548998e-27,9.613058921999999e-48
1926,Cd,48,107,0.0,7e-08,-5.5,-5.6063699058900004e-27,-1.5060458977799997e-47
1928,Cd,48,107,0.0,5.6000000000000005e-08,-10.5,4.5962131660899997e-26,1.68228531135e-47
1932,Cd,48,108,0.0,6.799999999999999e-12,2.0,3.5355485893e-27,-7.2097941915e-48
1934,Cd,48,109,0.0,39139200.0,-2.5,-4.181271587160724e-27,9.613058921999999e-48
1942,Cd,48,110,0.0,5e-12,2.0,3.13148589338e-27,-6.408705948000001e-48
1956,Cd,48,111,0.0,2916.0,-5.5,-5.5816210657649e-27,-1.20163236525e-47
1962,Cd,48,112,0.0,6.2e-12,2.0,3.6365642632799996e-27,-5.9280530019e-48
1969,Cd,48,113,0.0,441806400.0,-5.5,-5.4967678996217e-27,-9.7732765707e-48
1977,Cd,48,114,0.0,9e-12,2.0,3.0304702194e-27,-5.57557417476e-48
1983,Cd,48,115,0.0,3870719.9999999995,-5.5,-5.258039072539876e-27,-7.6904471376e-48
1987,Cd,48,116,0.0,1.5e-11,2.0,3.0304702194e-27,-6.7291412454e-48
1992,Cd,48,117,0.0,12096.0,-5.5,-5.0381567397525004e-27,-5.1269647584000006e-48
1995,Cd,48,119,0.0,132.0,-5.5,-4.8699656425758e-27,-2.16293825745e-48
1997,Cd,48,121,0.0,13.5,-1.5,3.1663363009031e-27,-4.3899635743800004e-48
1999,Cd,48,121,0.0,8.3,-5.5,-5.10129153599e-27,1.4419588383e-49
2001,Cd,48,123,0.0,2.1,-1.5,3.9880988087304e-27,6.7291412454e-49
2003,Cd,48,123,0.0,1.82,-5.5,-5.0583598745485006e-27,2.16293825745e-48
2005,Cd,48,125,0.0,0.68,-1.5,4.3451892162497e-27,3.34854885783e-48
2007,Cd,48,125,0.0,0.48,-5.5,-4.7209675234553e-27,4.30985475003e-48
2009,Cd,48,127,0.0,0.37,-1.5,4.4361033228316996e-27,3.82920180393e-48
2011,Cd,48,127,0.0,-,-5.5,-4.3951919748698e-27,5.4474000558000006e-48
2013,Cd,48,129,0.0,0.27,-1.5,4.2835696551219e-27,2.1148729628400002e-48
2015,Cd,48,129,0.0,-,-5.5,-3.5673685266037004e-27,9.1324059759e-48
2017,In,49,104,0.0,102.0,5.0,2.2425479623560002e-26,1.00937118681e-47
2021,In,49,105,0.0,304.20000000000005,-4.5,2.42437617552e-26,1.26571942473e-47
2026,In,49,106,0.0,372.0,7.0,2.459731661413e-26,1.47400236804e-47
2030,In,49,107,0.0,1944.0,-4.5,2.82843887144e-26,1.2336758949899999e-47
2035,In,49,108,0.0,3480.0,7.0,2.288005015647e-26,1.530078545085e-47
2038,In,49,108,0.0,2400.0,2.0,2.4925617554564998e-26,7.11366360228e-48
2042,In,49,109,0.0,15120.0,-4.5,2.7971240125062004e-26,1.2817411896000002e-47
2045,In,49,110,0.0,4146.0,2.0,2.2046670846135e-26,5.1269647584000006e-48
2049,In,49,110,0.0,17640.0,7.0,2.3834648275581002e-26,1.5220676626499999e-47
2055,In,49,111,0.0,244512.0,-4.5,2.767829467052e-26,1.2176541301200002e-47
2060,In,49,112,0.0,864.0,1.0,1.424321003118e-26,1.3137847193400001e-48
2063,In,49,112,0.0,1254.0,4.0,2.6400446394673e-26,1.087877834673e-47
2066,In,49,112,0.0,0.69 s,7.0,2.3890206896270003e-26,1.602176487e-47
2069,In,49,112,0.0,2.82 s,-8.0,1.555641379292e-26,1.47400236804e-48
2073,In,49,113,0.0,inf,-4.5,2.7925277993401104e-26,1.216051953633e-47
2081,In,49,114,0.0,4276800.0,5.0,2.3839699059279999e-26,1.126330070361e-47
2084,In,49,115,0.0,4.4e14 y,-4.5,2.79853823194192e-26,1.2336758949899999e-47
2091,In,49,115,0.0,5.78e-09,-1.5,3.73757993726e-27,-9.4528412733e-48
2094,In,49,116,0.0,14.1,1.0,1.40795646393324e-26,1.7623941357e-48
2097,In,49,116,0.0,3252.0,5.0,2.2400225705065e-26,1.220858483094e-47
2100,In,49,116,0.0,2.18,-8.0,1.6238269592285e-26,4.72642063665e-48
2103,In,49,117,0.0,2520.0,-4.5,2.7875275234781003e-26,1.2625150717559998e-47
2109,In,49,117,0.0,5.3600000000000004e-08,-1.5,4.59621316609e-27,-9.1324059759e-48
2112,In,49,118,0.0,267.0,5.0,2.1369865830469e-26,1.2128476006589998e-47
2115,In,49,118,0.0,8.5,-8.0,1.6773652664379002e-26,6.71311948053e-48
2118,In,49,119,0.0,144.0,-4.5,2.7855072099985e-26,1.3009673074440001e-47
2122,In,49,119,0.0,1.3e-07,-1.5,2.6769153604700003e-27,9.4528412733e-48
2125,In,49,120,0.0,44.4,5.0,2.1693115987205e-26,1.2336758949899999e-47
2128,In,49,120,0.0,47.3,-8.0,1.8647493416708001e-26,8.074969494479999e-48
2131,In,49,121,0.0,23.1,-4.5,2.7789411911897997e-26,1.240084600938e-47
2135,In,49,122,0.0,9.2,5.0,2.1809284012281998e-26,1.2336758949899999e-47
2138,In,49,122,0.0,10.5,-8.0,1.9097013165919e-26,8.9721883272e-48
2141,In,49,123,0.0,6.68,-4.5,2.7733853291209e-26,1.1535670706399997e-47
2145,In,49,124,0.0,3.09,3.0,2.0420318495057e-26,9.292623624599999e-48
2148,In,49,124,0.0,3.7,-8.0,1.9637447021712e-26,1.010973363297e-47
2151,In,49,125,0.0,2.5,-4.5,2.7789411911897997e-26,1.0894800111600001e-47
2155,In,49,126,0.0,1.6,3.0,2.0374861441766e-26,7.530229488899999e-48
2158,In,49,126,0.0,1.64,-8.0,2.0511232601639e-26,1.0398125400630001e-47
2161,In,49,127,0.0,1.22,-4.5,2.7890427585878e-26,8.9721883272e-48
2166,Sn,50,109,0.0,1080.0,-2.5,-5.4497956112209995e-27,5.2871824071000006e-48
2169,Sn,50,110,0.0,5.6e-09,6.0,3.5355485893000003e-28,4.8065294609999993e-48
2174,Sn,50,111,0.0,2100.0,-3.5,3.116333542283e-27,3.2043529740000006e-48
2179,Sn,50,112,0.0,3.4999999999999997e-13,2.0,3.5355485893e-27,-1.4419588382999997e-48
2184,Sn,50,112,0.0,1.37e-08,6.0,1.0101567398e-27,-4.0054412175e-48
2189,Sn,50,113,0.0,8.2e-08,-5.5,-6.51551097171e-27,-6.5689235967e-48
2195,Sn,50,114,0.0,7.650000000000001e-07,-7.0,-2.8637943573329997e-27,-5.1269647584000006e-48
2199,Sn,50,115,0.0,3.26e-12,-3.5,3.449685266417e-27,-4.1656588662e-48
2202,Sn,50,115,0.0,159 s,-5.5,-6.914522883931e-27,6.088270650600001e-48
2206,Sn,50,116,0.0,3.6e-13,2.0,-1.5152351097e-27,-2.7237000279000003e-48
2210,Sn,50,116,0.0,3.7e-07,-5.0,-1.899094670824e-27,4.1656588662e-48
2217,Sn,50,117,0.0,1175040.0,-5.5,-7.0483686519545e-27,-6.7291412454e-48
2231,Sn,50,119,0.0,1.78e-08,-1.5,3.4446344827180004e-27,-2.1148729628400002e-48
2240,Sn,50,119,0.0,25323840.000000004,-5.5,-7.0710971786e-27,-4.6463118122999993e-48
2243,Sn,50,120,0.0,6.4e-13,2.0,-1.4142194357200001e-27,3.2043529740000003e-49
2247,Sn,50,120,0.0,5.5300000000000005e-09,-5.0,-1.86878996863e-27,7.3700118402e-49
2249,Sn,50,121,0.0,97560.0,-1.5,3.5244368651622e-27,-3.2043529740000003e-49
2251,Sn,50,121,0.0,1735668000.0,-5.5,-7.0089725391023e-27,-2.2430470818e-48
2254,Sn,50,122,0.0,7.6e-13,2.0,-5.050783699e-28,-2.0828294331e-48
2257,Sn,50,123,0.0,11145600.0,-5.5,-6.91957366763e-27,4.806529461e-49
2261,Sn,50,124,0.0,9.3e-13,2.0,-1.5152351097e-27,4.806529461e-49
2265,Sn,50,125,0.0,831167.9999999999,-5.5,-6.808456426252e-27,3.2043529740000006e-48
2268,Sn,50,125,0.0,570.0,-1.5,3.858798746036e-27,1.37787177882e-47
2271,Sn,50,126,0.0,1.15e-12,2.0,-2.5253918495e-27,0.0
2274,Sn,50,127,0.0,7560.0,-5.5,-6.712491535971e-27,5.1269647584000006e-48
2276,Sn,50,127,0.0,247.79999999999998,-1.5,3.8234432601430004e-27,1.04141471655e-47
2280,Sn,50,128,0.0,2.7 s,10.0,-1.0101567398e-26,-1.6021764870000003e-48
2282,Sn,50,129,0.0,133.8,-1.5,3.808290909046e-27,8.010882435000001e-49
2284,Sn,50,129,0.0,414.0,-5.5,-6.550866457603e-27,-3.2043529740000006e-48
2286,Sn,50,130,0.0,102.0,-7.0,-1.9243485893190002e-27,-6.2484882993e-48
2288,Sn,50,131,0.0,56.0,-1.5,3.772935423153e-27,-6.408705948000001e-49
2290,Sn,50,131,0.0,58.4,-5.5,-6.4447999999240004e-27,0.0
2292,Sb,51,112,0.0,5.36e-07,-8.0,1.1071317868208002e-26,1.6983070762200002e-47
2296,Sb,51,114,0.0,219 s,-8.0,1.1440025078235e-26,1.6342200167400002e-47
2306,Sb,51,115,0.0,1.52e-07,-9.5,1.3536100313320002e-26,1.26571942473e-47
2313,Sb,51,116,0.0,1.19e-08,7.0,2.3688175548310003e-26,4.0054412174999997e-47
2320,Sb,51,117,0.0,340 s,-12.5,7.5761755485e-27,1.82648119518e-47
2323,Sb,51,117,0.0,2.9000000000000003e-07,-11.5,2.5405442005970003e-26,5.9280530019e-47
2327,Sb,51,118,0.0,20.6 s,3.0,1.328356112837e-26,1.4419588383e-47
2331,Sb,51,118,0.0,1.3400000000000001e-08,-3.0,-1.8990946708239998e-26,6.2484882993e-48
2334,Sb,51,118,0.0,2.2800000000000002e-08,7.0,2.404173040724e-26,4.1656588662e-47
2338,Sb,51,119,0.0,1.28e-07,-9.5,1.585946081486e-26,5.09492122866e-47
2343,Sb,51,120,0.0,2.4700000000000003e-07,3.0,1.3051225078216e-26,1.00937118681e-47
2346,Sb,51,121,0.0,inf,-2.5,1.69878058932166e-26,-8.69981832441e-48
2350,Sb,51,121,0.0,3.5000000000000003e-09,-3.5,1.2717873354082e-26,-1.164782306049e-47
2353,Sb,51,122,0.0,231552.0,-2.0,-9.596489028099999e-27,2.0507859033600002e-47
2357,Sb,51,122,0.0,1.86 s,3.0,1.5066487774117002e-26,1.00937118681e-47
2361,Sb,51,123,0.0,inf,-3.5,1.28784882757102e-26,-1.108706129004e-47
2364,Sb,51,124,0.0,5201280.0,-3.0,6.0609404388e-27,4.4860941636e-47
2395,Te,52,122,0.0,7.519999999999999e-12,2.0,2.8284388714400002e-27,-9.1324059759e-48
2410,Te,52,124,0.0,6.25e-12,2.0,2.6264075234800002e-27,-7.2097941915e-48
2414,Te,52,125,0.0,1.48e-09,-1.5,3.055724137895e-27,-4.9667471096999993e-48
2416,Te,52,125,0.0,5011200.0,-5.5,-4.975021943515e-27,0.0
2419,Te,52,125,0.0,6.95e-10,-4.5,-4.64672100308e-27,1.9226117844e-48
2435,Te,52,126,0.0,4.41e-12,2.0,1.91929780562e-27,-3.6850059201e-48
2440,Te,52,127,0.0,9417600.0,-5.5,-5.2578658306589996e-27,2.7237000279000003e-48
2447,Te,52,128,0.0,3.2e-12,2.0,3.13148589338e-27,-3.5247882714e-48
2451,Te,52,129,0.0,4170.0,-1.5,3.545650156698e-27,8.8119706785e-49
2454,Te,52,129,0.0,2894400.0,-5.5,-5.5558620689e-27,6.408705948000001e-48
2464,Te,52,131,0.0,108000.0,-5.5,-6.0609404388e-27,4.0054412175e-48
2469,Te,52,133,0.0,750.0,-1.5,4.29316614415e-27,3.6850059201e-48
2472,Te,52,133,0.0,3324.0,-5.5,5.808401253849999e-27,4.4860941636e-48
2476,Te,52,135,0.0,19.0,-3.5,-3.48504075231e-27,4.6463118122999993e-48
2493,I,53,125,0.0,5201280.0,-2.5,1.4248260814879e-26,-1.2192563066069999e-47
2499,I,53,127,0.0,inf,-2.5,1.420921825688573e-26,-1.115114834952e-47
2505,I,53,127,0.0,1.95e-09,-3.5,1.2828990595460001e-26,-9.99758127888e-48
2512,I,53,129,0.0,1.6x10*7 y,-3.5,1.3238104075079002e-26,-7.81862125656e-48
2516,I,53,129,0.0,1.68e-08,-2.5,1.4167448275695e-26,-9.67714598148e-48
2523,I,53,131,0.0,694655.9999999999,-3.5,1.3849248902658e-26,-5.4474000558000006e-48
2527,I,53,131,0.0,5.900000000000001e-09,-7.5,-6.0609404388e-27,1.0574364814200001e-47
2530,I,53,132,0.0,8208.0,4.0,1.5596820062512002e-26,1.2817411896000001e-48
2533,I,53,132,0.0,1.1200000000000003e-09,3.0,1.11117241378e-26,3.2043529740000006e-48
2535,I,53,132,0.0,1.42e-09,1.0,9.495473354119999e-27,-2.4032647304999997e-48
2538,I,53,133,0.0,75240.0,-3.5,1.4425038244344e-26,-3.6850059201e-48
2543,Xe,54,117,0.0,61.2,-2.5,-2.9991553604662e-27,1.82648119518e-47
2547,Xe,54,119,0.0,348.0,-2.5,-2.9799623824099998e-27,2.0668076682299999e-47
2551,Xe,54,121,0.0,2340.0,-2.5,-3.2830094043500004e-27,2.09885119797e-47
2555,Xe,54,123,0.0,5.2 s,-3.5,-4.555806896498e-27,2.2430470818e-47
2556,Xe,54,123,201+x,1.7e-08,-4.5,-4.555806896498e-27,1.7623941357000002e-47
2560,Xe,54,125,0.0,57.0,-4.5,-3.7643490908647e-27,6.68107595079e-48
2569,Xe,54,127,0.0,69.0,-4.5,-4.4669131033956e-27,1.0894800111600001e-47
2577,Xe,54,129,0.0,9.800000000000001e-10,-1.5,2.9294545454199997e-27,-6.29655359391e-48
2582,Xe,54,129,0.0,768096.0,-5.5,4.5007533541789e-27,1.00937118681e-47
2593,Xe,54,131,0.0,inf,-1.5,3.494445311557538e-27,-1.82648119518e-48
2600,Xe,54,131,0.0,1019520.0000000001,-5.5,-5.020721434423552e-27,1.1535670706399997e-47
2609,Xe,54,132,0.0,9.000000000000001e-08,-7.0,-3.0304702194e-28,1.6021764870000002e-49
2617,Xe,54,133,0.0,452736.0,-1.5,4.0406269592e-27,2.2430470818e-48
2622,Xe,54,133,0.0,189216.0,-5.5,-5.4674733541675005e-27,1.2176541301200002e-47
2629,Xe,54,135,0.0,32760.0,-1.5,4.5613627585669e-27,3.3645706227e-48
2633,Xe,54,135,0.0,918.0,-5.5,5.571014419997e-27,9.7732765707e-48
2640,Xe,54,137,0.0,229.2,-3.5,-4.889158620632e-27,-7.530229488899999e-48
2644,Xe,54,139,0.0,39.7,-1.5,-1.535438244496e-27,6.2484882993e-48
2648,Xe,54,141,0.0,1.73,-2.5,5.050783699e-29,-9.1324059759e-48
2652,Xe,54,143,0.0,0.3,-2.5,-2.3228554231701e-27,1.45798060317e-47
2655,Cs,55,118,0.0,14.0,2.0,1.9576837617324e-26,2.09885119797e-47
2659,Cs,55,119,0.0,36.0,-4.5,2.757727899654e-26,4.24576769055e-47
2662,Cs,55,119,0.0,28.0,-1.5,4.2325567397619996e-27,1.3618500139499999e-47
2665,Cs,55,120,0.0,64.0,2.0,1.954653291513e-26,2.1789600223200002e-47
2670,Cs,55,121,0.0,136.2,-1.5,3.99011912221e-27,1.26571942473e-47
2672,Cs,55,121,0.0,136.2,-1.5,3.99011912221e-27,4.0535065121099994e-47
2676,Cs,55,122,0.0,21.0,1.0,6.71754231967e-28,-2.86789591173e-48
2679,Cs,55,122,0.0,252.0,-8.0,2.7324739811590004e-26,4.950725344829999e-47
2685,Cs,55,124,0.0,30.8,1.0,3.404228213126e-27,-1.1055017760299999e-47
2690,Cs,55,126,0.0,98.39999999999999,1.0,3.934560501521e-27,-1.0253929516800001e-47
2697,Cs,55,128,0.0,217.20000000000002,1.0,4.934615673923e-27,-8.6517530298e-48
2703,Cs,55,130,0.0,1794.0,1.0,7.404448902734e-27,-8.972188327200001e-49
2707,Cs,55,130,0.0,222.0,-5.0,3.187044514069e-27,2.1789600223200002e-47
2711,Cs,55,131,0.0,837216.0,-2.5,1.7894926645557e-26,9.4528412733e-48
2715,Cs,55,131,0.0,8.7e-09,-2.5,9.39445768014e-27,3.2043529740000006e-48
2719,Cs,55,132,0.0,559008.0,-2.0,1.126324764877e-26,7.6904471376e-48
2724,Cs,55,133,0.0,inf,-3.5,1.3045733866178448e-26,-5.49546535041e-50
2729,Cs,55,133,0.0,6.31e-09,-2.5,1.7425203761550002e-26,-4.8065294609999993e-48
2734,Cs,55,134,0.0,65008656.0,4.0,1.510184326001e-26,5.9280530019e-48
2740,Cs,55,134,0.0,10440.0,-8.0,5.611420689589e-27,1.47400236804e-47
2744,Cs,55,135,0.0,3x10*6 y,-3.5,1.378863949827e-26,7.6904471376e-49
2748,Cs,55,135,0.0,3180.0,-9.5,1.101070846382e-26,1.3298064842099999e-47
2752,Cs,55,136,0.0,1140480.0,5.0,1.873840752329e-26,3.41263591731e-48
2756,Cs,55,136,0.0,19.0,-8.0,6.661983698981e-27,1.1215235409e-47
2761,Cs,55,137,0.0,952092792.0,-3.5,1.434422570516e-26,7.6904471376e-49
2768,Cs,55,138,0.0,1932.0000000000002,-3.0,3.540599372999e-27,1.7944376654400002e-48
2772,Cs,55,138,0.0,174.0,-6.0,8.651992476387e-27,-5.9280530019e-48
2777,Cs,55,139,0.0,564.0,-3.5,1.3637115987300002e-26,-1.0093711868099999e-48
2784,Cs,55,140,0.0,65.0,-1.0,6.768050156660001e-28,-1.50604589778e-48
2790,Cs,55,141,0.0,25.1,-3.5,1.2172388714590001e-26,-6.7291412454e-48
2794,Cs,55,143,0.0,1.78,-1.5,4.39418181813e-27,7.0495765428e-48
2797,Cs,55,144,0.0,1.0,1.0,-2.7577278996540003e-27,4.6463118122999993e-48
2800,Cs,55,145,0.0,0.59,-1.5,3.959814420016e-27,9.292623624599999e-48
2803,Cs,55,146,0.0,0.34,1.0,-2.6011536049850002e-27,3.3645706227e-48
2806,Ba,56,121,0.0,30.0,-2.5,3.3335172413400005e-27,3.1402659145199995e-47
2810,Ba,56,123,0.0,162.0,-2.5,-3.48504075231e-27,2.61154767381e-47
2818,Ba,56,127,0.0,1.9,-3.5,-3.6502013792673e-27,2.85187414686e-47
2822,Ba,56,129,0.0,7776.000000000001,-3.5,4.69722884007e-27,2.8038088522499996e-47
2827,Ba,56,130,0.0,3.7e-11,2.0,3.5355485893e-27,-1.602176487e-47
2831,Ba,56,130,0.0,0.00954,-8.0,-2.0203134796e-28,3.8452235687999995e-47
2836,Ba,56,131,0.0,876.0,-4.5,-4.39418181813e-27,2.5634823792000005e-47
2846,Ba,56,133,0.0,140040.0,-5.5,-4.59621316609e-27,1.53808942752e-47
2850,Ba,56,134,0.0,5.1e-12,2.0,4.14164263318e-27,-4.1656588662e-48
2857,Ba,56,135,0.0,inf,-1.5,4.235723581141273e-27,2.5634823792000003e-48
2864,Ba,56,135,0.0,103320.0,-5.5,-5.055834482698999e-27,1.6502417816099999e-47
2867,Ba,56,136,0.0,1.93e-12,2.0,3.48504075231e-27,-3.0441353253000006e-48
2872,Ba,56,137,0.0,inf,-1.5,4.73430159242066e-27,3.9253323931499994e-48
2879,Ba,56,137,0.0,153.0,-5.5,-5.00027586201e-27,1.3618500139499999e-47
2882,Ba,56,138,0.0,2.0599999999999998e-13,2.0,7.0710971786e-27,-2.2430470818e-48
2887,Ba,56,139,0.0,5076.0,-3.5,-4.94976802502e-27,-9.180471270509999e-48
2889,Ba,56,140,602,7.2e-12,2.0,-4.94976802502e-27,-8.010882435e-48
2892,Ba,56,141,0.0,1122.0,-1.5,-1.76777429465e-27,7.27388125098e-48
2897,Ba,56,143,0.0,14.5,-2.5,2.27285266455e-27,-1.40991530856e-47
2903,Ba,56,145,0.0,4.31,-2.5,-1.36371159873e-27,1.95465531414e-47
2911,La,57,135,0.0,70200.0,-2.5,1.86878996863e-26,-6.408705948000001e-48
2915,La,57,137,0.0,6 x 10*4 y,-3.5,1.3611862068805e-26,3.3645706227e-48
2921,La,57,138,0.0,1.1x10*11 y,5.0,1.8756822680656555e-26,6.2484882993e-48
2926,La,57,139,0.0,inf,-3.5,1.4056560844975306e-26,3.2043529740000006e-48
2929,La,57,140,0.0,145080.0,-3.0,3.68707210027e-27,1.34582824908e-48
2934,Ce,58,129,0.0,6.000000000000001e-08,-4.5,-4.19215047017e-27,2.1148729628400002e-47
2935,Ce,58,130,2454,1.0900000000000001e-07,-7.0,-4.19215047017e-27,2.8839176766e-47
2937,Ce,58,131,0.0,8.800000000000001e-08,-4.5,-4.29316614415e-27,1.47400236804e-47
2940,Ce,58,134,0.0,3.08e-07,10.0,-9.596489028099999e-27,2.1148729628400002e-47
2945,Ce,58,136,0.0,2.2 s,10.0,-9.0914106582e-27,1.77841590057e-47
2965,Ce,58,140,0.0,3.4000000000000003e-09,4.0,2.3233605015399997e-26,5.6076177045e-48
2972,Ce,58,142,0.0,5.7e-12,2.0,2.12132915358e-27,-2.5634823792000003e-48
2985,Pr,59,141,0.0,inf,-2.5,2.15941206267046e-26,-1.23367589499e-48
2992,Pr,59,142,0.0,69120.0,-2.0,1.181883385566e-27,6.2484882993e-49
2996,Pr,59,143,0.0,1172448.0,-3.5,1.3642166770999e-26,1.2336758949899999e-47
3003,Nd,60,135,0.0,744.0,-4.5,-3.93961128522e-27,3.0441353252999997e-47
3010,Nd,60,139,0.0,1800.0,-1.5,4.581060814993e-27,4.4860941636e-48
3014,Nd,60,141,0.0,8964.0,-1.5,5.111393103388e-27,5.1269647584000006e-48
3017,Nd,60,143,0.0,inf,-3.5,-5.379084639435e-27,-9.7732765707e-48
3027,Nd,60,144,0.0,4.51e-12,2.0,1.5152351097e-27,-2.4032647304999997e-48
3033,Nd,60,145,0.0,inf,-3.5,-3.313314106544e-27,-5.03083416918e-48
3042,Nd,60,146,0.0,2.75e-11,2.0,2.5253918495e-27,-1.24969765986e-47
3046,Nd,60,147,0.0,950400.0,-2.5,2.7981341692460003e-27,1.4419588383e-47
3051,Nd,60,148,0.0,7.8e-11,2.0,3.23250156736e-27,-2.3391776710199997e-47
3056,Nd,60,149,0.0,6228.0,-2.5,1.772825078349e-27,2.0828294331e-47
3061,Nd,60,150,0.0,2.142e-09,2.0,3.23250156736e-27,-3.204352974e-47
3076,Pm,61,145,0.0,558569520.0,-2.5,1.9192978056199998e-26,3.6850059201e-48
3079,Pm,61,147,0.0,82775584.80000001,-3.5,1.303102194342e-26,1.18561060038e-47
3086,Pm,61,148,0.0,463968.0,-1.0,9.0914106582e-27,3.2043529740000006e-48
3097,Pm,61,151,0.0,102240.0,-2.5,9.0914106582e-27,3.5247882714000004e-47
3104,Sm,62,140,0.0,1.94e-08,10.0,-9.0914106582e-27,2.7237000278999997e-47
3109,Sm,62,141,0.0,1356.0,-5.5,4.39418181813e-27,2.5634823792000005e-47
3110,Sm,62,142,2372,1.7000000000000001e-07,-7.0,4.39418181813e-27,1.7623941357000002e-47
3112,Sm,62,143,0.0,529.8,-1.5,5.10129153599e-27,6.408705948000001e-48
3119,Sm,62,145,0.0,29376000.0,-3.5,4.64672100308e-27,-9.613058921999999e-48
3124,Sm,62,147,0.0,1.1x10*11y,-3.5,-4.1153785579452e-27,-4.1656588662e-48
3127,Sm,62,147,0.0,7.800000000000001e-10,-2.5,-2.27285266455e-27,-8.010882435e-48
3131,Sm,62,148,0.0,7.3e-12,2.0,3.08097805639e-27,-1.602176487e-47
3135,Sm,62,149,0.0,> 2x10*15 y,-3.5,-3.3880657052892e-27,1.24969765986e-48
3141,Sm,62,149,0.0,7.6e-09,-2.5,-3.1506788714362e-27,1.61819825187e-47
3144,Sm,62,150,0.0,4.9e-11,2.0,4.14164263318e-27,-2.0828294331e-47
3155,Sm,62,151,0.0,2840184000.0,-2.5,-1.833434482737e-27,1.13754530577e-47
3164,Sm,62,152,0.0,1.4e-09,2.0,4.24265830716e-27,-2.669226027342e-47
3178,Sm,62,153,0.0,168480.0,-1.5,-1.090969278984e-28,2.0828294331e-47
3181,Sm,62,154,0.0,3.01e-09,2.0,3.93961128522e-27,-2.99607003069e-47
3186,Sm,62,155,0,1344.0,-1.5,-6.566018808700001e-27,1.8104594303099999e-47
3190,Eu,63,140,0.0,1.54,1.0,6.894319749135e-27,4.9667471096999993e-48
3192,Eu,63,141,0.0,40.0,-2.5,1.7647438244306002e-26,1.3618500139499999e-47
3194,Eu,63,142,0.0,2.4,1.0,7.77820689646e-27,1.9226117844e-48
3196,Eu,63,142,0.0,73.0,-8.0,1.5041233855622002e-26,2.25906884667e-47
3199,Eu,63,143,0.0,156.0,-2.5,1.8551528526427e-26,8.171100083700001e-48
3201,Eu,63,144,0.0,10.0,1.0,9.561133542207e-27,1.6021764870000003e-48
3206,Eu,63,145,0.0,512352.0,-2.5,1.61625078368e-26,4.6463118122999993e-48
3213,Eu,63,146,0.0,396576.0,-4.0,8.5863322883e-27,-2.8839176765999994e-48
3222,Eu,63,147,0.0,2082240.0000000002,-2.5,1.86878996863e-26,8.811970678500001e-48
3228,Eu,63,148,0.0,4708800.0,-5.0,1.0606645767900001e-26,5.6076177045e-48
3233,Eu,63,149,0.0,8043839.999999999,-2.5,1.8006043886935e-26,1.20163236525e-47
3236,Eu,63,150,0.0,1129762080.0,-5.0,1.3677522256892e-26,1.8104594303099999e-47
3243,Eu,63,151,0.0,inf,-2.5,1.75348057678183e-26,1.446765367761e-47
3247,Eu,63,151,0.0,9.5e-09,-3.5,1.3086580564109e-26,2.0507859033600002e-47
3254,Eu,63,152,0.0,427289904.0,-3.0,-9.8055914732386e-27,4.3579200446400004e-47
3262,Eu,63,153,0.0,inf,-2.5,7.742851410567e-27,3.8612453336700003e-47
3266,Eu,63,153,0.0,8.000000000000001e-10,-3.5,9.14191849519e-27,7.0495765428e-48
3269,Eu,63,153,0.0,3.9e-09,-1.5,1.0344005015552001e-26,2.0075271382109998e-47
3272,Eu,63,154,0.0,271395360.0,-3.0,-1.020258307198e-26,4.56620298795e-47
3280,Eu,63,155,0.0,147689568.0,-2.5,7.87922257044e-27,4.0054412174999997e-47
3284,Eu,63,157,0.0,54720.0,-2.5,7.5761755485e-27,4.1656588662e-47
3286,Eu,63,158,0.0,2754.0,-1.0,7.273128526559999e-27,1.0574364814200001e-47
3288,Eu,63,159,0.0,1086.0,-2.5,6.97008150462e-27,4.3258765149e-47
3290,Gd,64,144,0.0,1.3e-07,10.0,6.444799999924e-26,-2.2430470818e-47
3303,Gd,64,147,0.0,2.22e-08,-6.5,-1.21218808776e-27,-1.1215235409e-47
3308,Gd,64,147,0.0,2.7e-08,-13.5,6.01043260181e-26,-1.9386335492699999e-47
3311,Gd,64,147,0.0,5.1e-07,-24.5,5.505354231910001e-26,-4.806529461e-47
3316,Gd,64,148,0.0,1.6500000000000002e-08,-9.0,-1.26269592475e-27,1.53808942752e-47
3334,Gd,64,154,0.0,1.17e-09,2.0,4.34367398114e-27,-2.91596120634e-47
3338,Gd,64,155,0.0,inf,-1.5,-1.3086580564109e-27,2.03476413849e-47
3344,Gd,64,155,0.0,6.35e-09,-2.5,-2.6920677115670003e-27,1.7623941357e-48
3349,Gd,64,155,0.0,1.18e-09,-1.5,7.222620689569999e-28,2.03476413849e-47
3361,Gd,64,156,0.0,2.21e-09,2.0,3.909306583026e-27,-3.09220061991e-47
3380,Gd,64,157,0.0,inf,-1.5,-1.7036293416727e-27,2.16293825745e-47
3386,Gd,64,157,0.0,0.46 s,-2.5,-2.3435636363360002e-27,3.8932888634100006e-47
3391,Gd,64,158,0.0,2.52e-09,2.0,4.0406269592e-27,-3.2203747388699994e-47
3405,Gd,64,160,0.0,2.7e-09,2.0,3.6365642632799996e-27,-3.33252709296e-47
3414,Tb,65,148,0.0,3600.0,-2.0,-8.83887147325e-27,-4.8065294609999993e-48
3418,Tb,65,150,0.0,12528.0,-2.0,-4.5457053291e-27,0.0
3421,Tb,65,152,0.0,63000.0,-2.0,-2.9294545454199997e-27,5.4474000558000006e-48
3425,Tb,65,153,0.0,202176.0,-2.5,1.76777429465e-26,1.73035060596e-47
3428,Tb,65,154,0.0,33840.0,-3.0,9.0914106582e-27,3.8452235687999995e-47
3433,Tb,65,155,0.0,459648.0,-1.5,1.0101567398e-26,2.25906884667e-47
3437,Tb,65,156,0.0,462239.99999999994,-3.0,7.0710971786e-27,3.6850059200999997e-47
3442,Tb,65,157,0.0,3124202400.0,-1.5,1.0101567398e-26,2.2430470818e-47
3444,Tb,65,158,0.0,4733640000.0,-3.0,8.879277742842e-27,4.3258765149e-47
3446,Tb,65,159,0.0,inf,-1.5,1.0172278369786e-26,2.294316729384e-47
3452,Tb,65,160,0.0,6229439.999999999,-3.0,7.5761755485e-27,6.16837947495e-47
3458,Dy,66,147,0.0,59.0,-5.5,-3.3082633228450004e-27,1.07345824629e-47
3460,Dy,66,149,0.0,253.8,-3.5,-6.01043260181e-28,-9.933494219399999e-48
3463,Dy,66,151,0.0,1020.0,-3.5,-4.7729905955549996e-27,-4.8065294609999993e-48
3470,Dy,66,153,0.0,22680.0,-3.5,-3.6113103447849996e-27,-2.4032647304999997e-48
3482,Dy,66,155,0.0,36000.0,-1.5,-1.712215673961e-27,1.53808942752e-47
3494,Dy,66,157,0.0,29160.0,-1.5,-1.525336677098e-27,2.0668076682299999e-47
3509,Dy,66,159,0.0,12441600.0,-1.5,-1.787977429446e-27,2.1949817871900003e-47
3512,Dy,66,160,0.0,1.9600000000000003e-09,2.0,3.5355485893e-27,2.8839176766e-47
3527,Dy,66,161,0.0,inf,-2.5,-2.429426959219e-27,4.0214629823699996e-47
3530,Dy,66,161,0.0,2.9e-08,-2.5,3.000165517206e-27,4.0214629823699996e-47
3532,Dy,66,161,0.0,7.800000000000001e-10,-3.5,-7.121605015589999e-28,8.491535381100001e-48
3534,Dy,66,161,0.0,3.2000000000000005e-09,-1.5,-2.035465830697e-27,2.32315590615e-47
3545,Dy,66,163,0.0,inf,-2.5,3.399177429427e-27,4.24576769055e-47
3548,Dy,66,164,0.0,2.3900000000000002e-09,2.0,3.68707210027e-27,-3.33252709296e-47
3561,Dy,66,165,0.0,8388.0,-3.5,-2.6264075234800002e-27,-5.575574174759999e-47
3563,Ho,67,152,0.0,161.8,-2.0,-5.15179937298e-27,1.6021764870000003e-48
3565,Ho,67,152,0.0,49.5,9.0,3.000165517206e-26,-2.0828294331e-47
3567,Ho,67,153,0.0,120.0,-5.5,3.439583699019e-26,-1.7623941357000002e-47
3570,Ho,67,154,0.0,705.6,-2.0,-3.247653918457e-27,3.0441353253000006e-48
3572,Ho,67,154,0.0,186.0,8.0,2.853692789935e-26,-1.602176487e-47
3574,Ho,67,155,0.0,2880.0,-2.5,1.772825078349e-26,2.49939531972e-47
3577,Ho,67,156,0.0,3360.0,4.0,1.510184326001e-26,3.8452235687999995e-47
3580,Ho,67,157,0.0,756.0,-3.5,2.197090909065e-26,4.88663828535e-47
3583,Ho,67,158,0.0,678.0,5.0,1.904145454523e-26,6.7291412454e-47
3586,Ho,67,158,0.0,1680.0,-2.0,1.232391222556e-26,2.6596129684199997e-47
3589,Ho,67,159,0.0,2103.0,-3.5,2.1617354231720003e-26,5.23911711249e-47
3592,Ho,67,160,0.0,1536.0,5.0,1.873840752329e-26,6.408705948e-47
3595,Ho,67,160,0.0,18072.0,-2.0,1.2727974921480001e-26,2.93198297121e-47
3598,Ho,67,161,0.0,8928.0,-3.5,2.146583072075e-26,5.2871824071e-47
3601,Ho,67,162,0.0,4020.0,-6.0,1.81828213164e-26,6.408705948e-47
3604,Ho,67,163,0.0,144218232000.0,-3.5,2.1364815046770004e-26,5.9280530019e-47
3607,Ho,67,165,0.0,inf,-3.5,2.106176802483e-26,5.73579182346e-47
3614,Ho,67,165,0.0,2.1999999999999998e-11,-4.5,2.0708213165899998e-26,5.63966123424e-47
3624,Er,68,153,0.0,37.1,-3.5,-4.742685893361e-27,-6.7291412454e-48
3628,Er,68,155,0.0,318.0,-3.5,-3.3890758620290004e-27,-4.3258765149e-48
3632,Er,68,157,0.0,1500.0,-1.5,-2.091024451386e-27,1.47400236804e-47
3636,Er,68,159,0.0,2160.0,-1.5,-1.540489028195e-27,1.8745464897899999e-47
3643,Er,68,161,0.0,11556.0,-1.5,-1.863739184931e-27,2.1837665517810001e-47
3645,Er,68,162,901,1.24e-12,2.0,-1.863739184931e-27,2.8839176766e-47
3647,Er,68,163,0.0,4506.0,-2.5,2.8284388714400002e-27,4.1015718067200004e-47
3655,Er,68,164,0.0,1.9e-12,2.0,4.0911347961900004e-27,3.8452235687999995e-47
3659,Er,68,165,0.0,37296.0,-2.5,3.262806269554e-27,4.34189827977e-47
3664,Er,68,166,0.0,1.8500000000000002e-09,2.0,3.192095297768e-27,-3.0441353252999997e-47
3667,Er,68,166,0.0,1.18e-10,4.0,6.3639874607400004e-27,-4.3258765149e-47
3673,Er,68,166,0.0,4.6e-12,2.0,2.8284388714400002e-27,3.5247882714000004e-47
3684,Er,68,167,0.0,inf,-3.5,-2.853692789935e-27,5.71977005859e-47
3690,Er,68,168,0.0,1.21e-10,4.0,6.3639874607400004e-27,-3.5247882714000004e-47
3695,Er,68,168,0.0,2.8999999999999998e-12,2.0,3.6365642632799996e-27,3.6850059200999997e-47
3704,Er,68,170,0.0,1.9e-09,2.0,3.197146081467e-27,-3.0441353252999997e-47
3706,Er,68,170,0.0,~135 ps,4.0,5.50535423191e-27,-3.5247882714000004e-47
3707,Er,68,170,934,1.6999999999999998e-12,2.0,5.50535423191e-27,3.204352974e-47
3709,Er,68,171,0.0,27072.0,-2.5,3.328466457641e-27,4.582224752819999e-47
3711,Tm,69,153,0.0,1.48,-5.5,3.500193103407e-26,8.010882435e-48
3713,Tm,69,154,0.0,8.1,-2.0,-5.757893416859999e-27,6.408705948000001e-48
3715,Tm,69,154,0.0,3.3,9.0,2.985013166109e-26,-3.2043529740000006e-48
3717,Tm,69,156,0.0,78.0,-2.0,2.0203134796e-27,-7.6904471376e-48
3720,Tm,69,158,0.0,258.0,-2.0,2.0203134796e-28,1.18561060038e-47
3722,Tm,69,159,0.0,540.0,-2.5,1.727368025058e-26,3.09220061991e-47
3724,Tm,69,160,0.0,564.0,-1.0,8.0812539184e-28,9.292623624599999e-48
3726,Tm,69,161,0.0,2280.0,-3.5,1.21218808776e-26,4.6463118123e-47
3728,Tm,69,162,0.0,1260.0,-1.0,3.4345329153200003e-28,1.1055017760299999e-47
3731,Tm,69,164,0.0,120.0,1.0,1.202086520362e-26,1.13754530577e-47
3734,Tm,69,166,0.0,27720.0,2.0,4.64672100308e-28,3.42865768218e-47
3737,Tm,69,168,0.0,7344000.0,3.0,1.146527899673e-27,5.17503005301e-47
3744,Tm,69,169,0.0,3.9e-09,-1.5,2.591052037587e-27,-1.9226117843999997e-47
3758,Tm,69,170,0.0,11111040.0,1.0,1.247543573653e-27,1.18561060038e-47
3766,Yb,70,155,0.0,1.59,-3.5,-4.24265830716e-27,-8.010882435e-48
3773,Yb,70,159,0.0,94.80000000000001,-2.5,-1.848586833834e-27,-3.5247882714e-48
3778,Yb,70,161,0.0,252.0,-1.5,-1.651606269573e-27,1.6502417816099999e-47
3781,Yb,70,163,0.0,660.0,-1.5,-1.888993103426e-27,1.9866988438799997e-47
3784,Yb,70,165,0.0,594.0,-2.5,2.4142746081219998e-27,3.9733976877599995e-47
3786,Yb,70,167,0.0,1050.0,-2.5,3.146638244477e-27,4.3258765149e-47
3789,Yb,70,169,0.0,2764800.0,-3.5,-3.197146081467e-27,5.67170476398e-47
3793,Yb,70,170,0.0,1.5700000000000002e-09,2.0,3.404228213126e-27,-3.49274474166e-47
3800,Yb,70,171,0.0,8.100000000000001e-10,-1.5,1.76777429465e-27,-3.7490929795799997e-47
3803,Yb,70,171,0.0,1.64e-09,-2.5,5.1265454544849995e-27,-3.55683180114e-47
3814,Yb,70,172,0.0,1.8000000000000002e-09,2.0,3.378974294631e-27,-3.55683180114e-47
3817,Yb,70,172,0.0,1.22e-10,4.0,6.91957366763e-27,-3.6850059200999997e-47
3819,Yb,70,172,0.0,7.8e-09,3.0,3.2830094043500004e-27,-4.6463118123e-47
3821,Yb,70,172,1757,7.8e-09,-1.0,3.2830094043500004e-27,-5.51148711528e-47
3822,Yb,70,172,1822,7.8e-09,-3.0,3.2830094043500004e-27,3.15628767939e-47
3826,Yb,70,173,0.0,inf,-2.5,3.43463393099398e-27,4.4860941636e-47
3831,Yb,70,174,0.0,1.7900000000000002e-09,2.0,3.4143297805240005e-27,-3.49274474166e-47
3833,Yb,70,174,253,1.44e-10,4.0,3.4143297805240005e-27,-2.8839176766e-47
3839,Yb,70,175,0.0,361152.0,-3.5,2.0203134796e-27,5.63966123424e-47
3841,Yb,70,176,0.0,1.8000000000000002e-09,2.0,3.434532915320001e-27,-3.65296239036e-47
3843,Yb,70,176,272,1.1000000000000001e-10,4.0,3.434532915320001e-27,-1.4419588383e-47
3845,Yb,70,176,0.0,11.4,-8.0,-7.62668338549e-28,8.4915353811e-47
3847,Yb,70,177,0.0,6876.0,-4.5,-3.510294670805e-27,6.456771242610001e-47
3851,Lu,71,162,0.0,82.2,-1.0,2.793083385547e-28,8.315295967530001e-48
3854,Lu,71,164,0.0,188.4,-1.0,2.985013166109e-28,9.74123304096e-48
3857,Lu,71,166,0.0,159.0,-6.0,1.4707882131488e-26,6.93742418871e-47
3859,Lu,71,166,0.0,84.6,-3.0,9.54598119111e-28,4.3579200446400004e-47
3861,Lu,71,167,0.0,3090.0,-3.5,1.1743072100175001e-26,5.25513887736e-47
3864,Lu,71,168,0.0,330.0,-6.0,1.525336677098e-26,7.642381842989999e-47
3866,Lu,71,168,0.0,402.0,3.0,6.1670068964790006e-27,3.8932888634100006e-47
3869,Lu,71,169,0.0,122760.0,-3.5,1.1601650156603e-26,5.575574174759999e-47
3874,Lu,71,171,0.0,711936.0,-3.5,1.0253090908969999e-26,5.65568299911e-47
3880,Lu,71,172,0.0,578880.0,-4.0,1.136426332275e-26,6.088270650599999e-47
3883,Lu,71,172,0.0,222.0,-1.0,1.000055172402e-26,1.2176541301200002e-47
3887,Lu,71,173,0.0,43233912.0,-3.5,1.1818833855659999e-26,5.65568299911e-47
3891,Lu,71,174,0.0,104140080.0,-1.0,9.596489028099999e-27,1.238482424451e-47
3894,Lu,71,174,0.0,12268800.0,-6.0,7.561023197403e-27,7.690447137599999e-47
3898,Lu,71,175,0.0,inf,-3.5,1.130360341052501e-26,5.59159593963e-47
3904,Lu,71,176,0.0,3.6x10*10 y,-7.0,1.6005933542131e-26,7.88270831604e-47
3911,Lu,71,176,0.0,13248.0,-1.0,1.606149216282e-27,-2.32315590615e-47
3916,Lu,71,177,0.0,579744.0,-3.5,1.13056742318416e-26,5.43137829093e-47
3923,Lu,71,177,0.0,13824000.0,-11.5,1.479879623807e-26,9.148427740769999e-47
3927,Lu,71,178,0.0,1704.0,1.0,-6.954929153523e-27,1.1343409527959998e-47
3929,Lu,71,178,0.0,1386.0,-9.0,2.4415488400965998e-26,8.63573126493e-47
3931,Lu,71,179,0.0,16524.0,-3.5,1.1995611285125e-26,5.319225936839999e-47
3941,Hf,72,171,0.0,43560.0,-3.5,-3.404228213126e-27,5.543530645020001e-47
3954,Hf,72,175,0.0,6048000.0,-2.5,2.9294545454199997e-27,4.3579200446400004e-47
3959,Hf,72,176,0.0,1.47e-09,2.0,2.72742319746e-27,-3.3645706227e-47
3962,Hf,72,177,0.0,inf,-3.5,4.0077968651565e-27,5.39933476119e-47
3967,Hf,72,177,0.0,4.9e-10,-4.5,5.45484639492e-27,2.0828294331e-47
3972,Hf,72,178,0.0,1.47e-09,2.0,3.0304702194e-27,-3.23639650374e-47
3974,Hf,72,178,0.0,4.0,-8.0,1.56574294669e-26,7.994860670130001e-47
3978,Hf,72,178,0.0,978285600.0,16.0,4.121439498384e-26,9.613058922e-47
3989,Hf,72,180,0.0,1.53e-09,2.0,3.88910344823e-27,-3.204352974e-47
3995,Hf,72,180,0.0,19800.0,-8.0,4.5457053291e-26,7.370011840199999e-47
3997,Ta,73,171,184,4.5000000000000006e-08,-4.5,4.5457053291e-26,4.50211592847e-47
4000,Ta,73,173,0.0,11304.0,-2.5,8.5863322883e-27,-2.8839176766e-47
4006,Ta,73,175,0.0,37800.0,-3.5,1.146527899673e-26,5.607617704499999e-47
4015,Ta,73,178,0.0,558.0,1.0,1.41421943572e-26,1.00937118681e-47
4018,Ta,73,179,0.0,57434832.0,-3.5,1.1561243887011002e-26,5.23911711249e-47
4022,Ta,73,180,0.0,>1.2x10*15y,-9.0,2.4092238244229998e-26,7.690447137599999e-47
4025,Ta,73,181,0.0,inf,-3.5,1.1972882758479499e-26,5.078899463789999e-47
4035,Ta,73,181,0.0,6.05 s,-4.5,2.67691536047e-26,5.75181358833e-47
4040,Ta,73,181,0.0,1.08e-08,-2.5,1.661707836971e-26,3.65296239036e-47
4047,Ta,73,182,0.0,9936000.0,-3.0,1.525336677098e-26,4.1656588662e-47
4054,W,74,176,0.0,4.1e-08,14.0,3.38402507833e-26,9.613058922e-47
4055,W,74,179,3348,7.5e-07,-17.5,3.38402507833e-26,6.2484882993e-47
4059,W,74,180,0.0,1.2200000000000001e-09,2.0,2.57589968649e-27,-3.3645706227e-47
4062,W,74,182,0.0,1.3700000000000002e-09,2.0,2.6668137930720002e-27,-3.3645706227e-47
4069,W,74,183,0.0,1.8399999999999998e-10,-1.5,-5.050783699e-28,-2.8839176766e-47
4071,W,74,183,0.0,7.1e-10,-2.5,4.59621316609e-27,-3.204352974e-47
4080,W,74,184,0.0,1.25e-09,2.0,2.909251410624e-27,-3.0441353252999997e-47
4085,W,74,184,0.0,1.7299999999999999e-12,2.0,1.21218808776e-27,1.6021764870000003e-48
4090,W,74,186,0.0,1.05e-09,2.0,3.13148589338e-27,-2.5634823792000005e-47
4092,W,74,186,0.0,3.6e-11,4.0,6.46500313472e-27,-4.1656588662e-47
4094,W,74,186,0.0,4.400000000000001e-12,2.0,1.96980564261e-27,2.0828294331e-47
4105,Re,75,182,0.0,230400.0,7.0,1.429371786817e-26,6.5689235967e-47
4108,Re,75,182,0.0,45720.0,2.0,1.61625078368e-26,2.8839176766e-47
4113,Re,75,183,0.0,6048000.0,-2.5,1.596047648884e-26,3.6850059200999997e-47
4116,Re,75,183,0.0,7.000000000000001e-09,-4.5,2.596102821286e-26,5.9280530019e-47
4118,Re,75,184,0.0,3283200.0,-3.0,1.277848275847e-26,4.4860941636e-47
4123,Re,75,185,0.0,inf,-2.5,1.60973527270829e-26,3.49274474166e-47
4128,Re,75,186,0.0,326160.0,-1.0,8.783312852561001e-27,9.90145068966e-48
4134,Re,75,187,0.0,4 x 10*10 y,-2.5,1.62620082756703e-26,3.31650532809e-47
4139,Re,75,187,0.0,5.550000000000001e-07,-4.5,2.5354934168979998e-26,4.870616520480001e-47
4142,Re,75,188,0.0,60839.99999999999,-1.0,9.030801253812e-27,9.164449505639999e-48
4145,Os,76,182,0.0,1.5000000000000002e-07,25.0,5.35383072094e-26,6.7291412454e-47
4147,Os,76,183,0.0,46800.0,-4.5,-4.0103222570060004e-27,4.9667471097e-47
4148,Os,76,184,120,1.18e-09,2.0,-4.0103222570060004e-27,-4.3258765149e-47
4152,Os,76,186,0.0,8.3e-10,2.0,2.6264075234800002e-27,-2.61154767381e-47
4161,Os,76,188,0.0,7.1e-10,2.0,3.0304702194e-27,-2.3391776710199997e-47
4166,Os,76,188,0.0,6.2999999999999994e-12,2.0,3.93961128522e-27,1.602176487e-47
4170,Os,76,188,2121,1.39e-11,-3.0,-8.586332288300002e-28,2.70767826303e-47
4173,Os,76,189,0.0,inf,-1.5,3.333178838832167e-27,1.37787177882e-47
4176,Os,76,189,0.0,1.63e-09,-2.5,4.990174294612e-27,-1.00937118681e-47
4180,Os,76,190,0.0,3.66e-10,2.0,3.5355485893e-27,-1.89056825466e-47
4186,Os,76,190,0.0,1.25e-11,2.0,3.48504075231e-27,1.2817411896000002e-47
4190,Os,76,191,0.0,1330560.0,-4.5,4.84875235104e-27,4.0054412174999997e-47
4192,Os,76,192,0.0,2.89e-10,2.0,3.99011912221e-27,-1.53808942752e-47
4203,Os,76,193,0.0,109800.0,-1.5,3.93961128522e-27,7.6904471376e-48
4212,Ir,77,182,0.0,900.0,3.0,1.0606645767900001e-26,-2.7237000278999997e-47
4216,Ir,77,183,0.0,3300.0,-2.5,1.11117241378e-26,-2.8839176766e-47
4220,Ir,77,184,0.0,11304.0,-5.0,4.0406269592e-27,3.8612453336700003e-47
4239,Ir,77,186,0.0,59904.0,5.0,1.9091962382219998e-26,-4.0855500418499996e-47
4246,Ir,77,186,0.0,59904.0,-2.0,-3.3335172413400005e-27,2.3391776710199997e-47
4249,Ir,77,187,0.0,37800.0,-1.5,8.586332288300002e-28,1.5076480742669999e-47
4252,Ir,77,187,0.0,1.52e-07,-5.5,3.136536677079e-26,3.7330712147100003e-47
4255,Ir,77,188,0.0,145800.0,-1.0,1.6667586206700002e-27,7.754534197079999e-48
4262,Ir,77,189,0.0,1131840.0,-1.5,6.566018808700001e-28,1.31378471934e-47
4267,Ir,77,190,0.0,1019520.0000000001,4.0,2.0203134796e-28,4.59824651769e-47
4273,Ir,77,191,0.0,inf,-1.5,7.67719122248e-28,1.3073760133919997e-47
4292,Ir,77,192,0.0,6410880.0,-4.0,9.717707836876e-27,3.44467944705e-47
4299,Ir,77,193,0.0,inf,-1.5,8.48531661432e-28,1.203234541737e-47
4316,Ir,77,194,0.0,69840.0,-1.0,1.96980564261e-27,5.43137829093e-48
4332,Pt,78,183,0.0,43.0,-3.5,5.2023072099700004e-27,5.447400055799999e-47
4339,Pt,78,185,0.0,4254.0,-4.5,-4.19215047017e-27,5.97611829651e-47
4350,Pt,78,187,0.0,8460.0,-1.5,-2.17183699057e-27,-1.6342200167400002e-47
4362,Pt,78,189,0.0,39240.0,-1.5,2.12132915358e-27,-1.5220676626499999e-47
4379,Pt,78,191,0.0,250560.0,-1.5,-2.32336050154e-27,-1.3938935436899999e-47
4386,Pt,78,192,0.0,4.37e-11,2.0,2.8789467084299996e-27,9.613058921999999e-48
4402,Pt,78,194,0.0,4.1799999999999994e-11,2.0,3.0304702194e-27,7.6904471376e-48
4419,Pt,78,195,0.0,347327.99999999994,-6.5,3.0607749215939998e-27,2.2430470818e-47
4433,Pt,78,196,0.0,3.4e-11,2.0,3.1819937303700002e-27,9.933494219399999e-48
4437,Pt,78,196,0.0,3.68e-11,2.0,3.78808777425e-27,-6.2484882993e-48
4440,Pt,78,196,0.0,3.6e-12,4.0,7.5761755485e-27,1.6502417816099999e-47
4441,Pt,78,196,1526,9.799999999999999e-13,6.0,7.5761755485e-27,-3.2043529740000006e-48
4449,Pt,78,198,0.0,2.23e-11,2.0,3.13148589338e-27,6.7291412454e-48
4459,Au,79,184,0.0,21.0,5.0,1.045512225693e-26,7.5302294889e-47
4461,Au,79,184,0.0,49.0,2.0,7.273128526559999e-27,3.0441353252999997e-47
4465,Au,79,185,0.0,252.0,-2.5,1.1212739811780001e-26,-1.7623941357000002e-47
4470,Au,79,186,0.0,642.0,-3.0,5.404338557930001e-27,4.9667471097e-47
4487,Au,79,191,0.0,11448.0,-1.5,6.919573667630001e-28,1.1535670706399997e-47
4494,Au,79,192,0.0,18000.0,-1.0,5.050783699e-29,-3.65296239036e-48
4498,Au,79,193,0.0,63539.99999999999,-1.5,7.071097178600001e-28,1.0574364814200001e-47
4501,Au,79,193,0.0,3.9,-5.5,3.116333542283e-26,3.1723094442599997e-47
4509,Au,79,194,0.0,142200.0,-1.0,4.0406269592e-28,-3.8452235688e-48
4513,Au,79,195,0.0,15811200.0,-1.5,7.52566771151e-28,9.72521127609e-48
4516,Au,79,195,0.0,30.6,-5.5,3.116333542283e-26,2.99607003069e-47
4521,Au,79,196,0.0,533952.0,-2.0,2.9829928526294002e-27,1.2977629544699999e-47
4526,Au,79,197,0.0,inf,-1.5,7.483140112764421e-28,8.763905383890001e-48
4533,Au,79,197,0.0,7.8,-5.5,3.23250156736e-26,2.69165649816e-47
4543,Au,79,198,0.0,232934.40000000002,-2.0,2.9971350469866003e-27,1.0253929516800001e-47
4553,Au,79,199,0.0,271296.0,-1.5,1.3712877742785002e-27,8.171100083700001e-48
4562,Hg,80,185,0.0,27.0,-6.5,-5.136647021883e-27,3.2043529740000006e-48
4564,Hg,80,187,0.0,144.0,-6.5,-5.273018181756001e-27,8.010882435e-48
4566,Hg,80,187,0.0,114.0,-1.5,-3.000165517206e-27,-1.20163236525e-47
4569,Hg,80,188,0.0,1.35e-07,12.0,-1.020258307198e-26,1.45798060317e-47
4571,Hg,80,189,0.0,456.0,-1.5,-3.0739069592114003e-27,-1.2817411896000002e-47
4574,Hg,80,189,0.0,516.0,-6.5,-5.343729153542e-27,1.0574364814200001e-47
4577,Hg,80,190,0.0,2.1000000000000003e-08,12.0,-1.26269592475e-26,1.8745464897899999e-47
4579,Hg,80,191,0.0,2940.0,-1.5,-3.121384325982e-27,-1.2817411896000002e-47
4582,Hg,80,191,0.0,3048.0,-6.5,-5.394236990532e-27,9.613058921999999e-48
4585,Hg,80,193,0.0,13680.0,-1.5,-3.1698718494924003e-27,-1.1215235409e-47
4588,Hg,80,193,0.0,42480.0,-6.5,-5.34590099053257e-27,1.47400236804e-47
4603,Hg,80,195,0.0,149760.0,-6.5,-5.276286038809253e-27,1.73035060596e-47
4613,Hg,80,197,0.0,8.1e-09,-2.5,4.318420062645e-27,-1.29776295447e-48
4616,Hg,80,197,0.0,85680.0,-6.5,-5.1906095949231165e-27,2.0027206087499999e-47
4621,Hg,80,198,0.0,2.2999999999999998e-11,2.0,3.5355485893e-27,1.0894800111600001e-47
4635,Hg,80,199,0.0,2.4500000000000004e-09,-2.5,3.0304702194e-27,1.5220676626499999e-47
4641,Hg,80,199,0.0,6.9e-11,-1.5,-2.3738683385299998e-27,9.933494219399999e-48
4645,Hg,80,199,0.0,2556.0,-6.5,-5.125045371726397e-27,1.9226117843999997e-47
4652,Hg,80,200,0.0,4.66e-11,2.0,4.0406269592e-27,1.53808942752e-47
4659,Hg,80,201,0.0,inf,-1.5,-2.829580348555974e-27,6.20042300469e-48
4670,Hg,80,202,0.0,2.73e-11,2.0,5.050783699e-27,1.3938935436899999e-47
4674,Hg,80,203,0.0,4043519.9999999995,-2.5,4.28786282126605e-27,5.511487115279999e-48
4678,Hg,80,204,0.0,4.02e-11,2.0,4.0406269592e-27,6.408705948000001e-48
4683,Hg,80,206,0.0,2.15 s,-5.0,2.7526771159550004e-26,1.18561060038e-47
4684,Hg,80,206,0.0,2.15 s,-5.0,2.7526771159550004e-26,1.04141471655e-47
4693,Tl,81,187,0.0,15.6,-4.5,1.914247021921e-26,-3.8932888634100006e-47
4695,Tl,81,188,0.0,71.0,7.0,2.4395285266169998e-27,2.0668076682300002e-48
4698,Tl,81,189,0.0,84.0,-4.5,1.9586939184722e-26,-3.66898415523e-47
4700,Tl,81,190,0.0,156.0,-2.0,1.282899059546e-27,-5.2711606422300004e-48
4703,Tl,81,190,0.0,222.0,7.0,2.500137931005e-27,4.56620298795e-48
4708,Tl,81,191,0.0,312.0,-4.5,1.9713208777197002e-26,-3.57285356601e-47
4711,Tl,81,192,0.0,576.0,-2.0,1.0101567398e-27,-5.2551388773600003e-48
4714,Tl,81,192,0.0,648.0,7.0,2.616305956082e-27,7.3700118402e-48
4716,Tl,81,192,0.0,2.96e-07,-8.0,8.38430094034e-27,7.0495765428e-48
4720,Tl,81,193,0.0,126.6,-4.5,1.9940494043652e-26,-3.5247882714000004e-47
4723,Tl,81,194,0.0,2040.0,-2.0,7.071097178600001e-28,-4.5181376933399996e-48
4726,Tl,81,194,0.0,1967.9999999999998,7.0,2.72742319746e-27,9.72521127609e-48
4733,Tl,81,196,0.0,6624.0,-2.0,3.5355485893000003e-28,-2.85187414686e-48
4735,Tl,81,196,0.0,5076.0,7.0,2.7728802507510003e-27,1.2176541301200002e-47
4759,Tl,81,205,0.0,1.5000000000000002e-09,-1.5,2.07082131659e-27,1.18561060038e-47
4763,Tl,81,205,0.0,short,-2.5,3.58605642629e-27,-8.010882435e-48
4782,Pb,82,191,0.0,130.8,-6.5,-5.919518495228e-27,1.3618500139500001e-48
4785,Pb,82,192,0.0,1.07 s,12.0,-1.0505630093920001e-26,5.1269647584000006e-48
4786,Pb,82,192,2743,7.56e-07,-11.0,-1.0505630093920001e-26,4.6463118123e-47
4788,Pb,82,193,0.0,348.0,-6.5,-5.808401253849999e-27,3.12424414965e-48
4790,Pb,82,193,0.0,2.2000000000000002e-08,-10.5,-3.13148589338e-27,3.5247882714e-48
4792,Pb,82,193,0.0,9.400000000000001e-09,-13.5,4.6467210030799995e-26,4.1656588662e-47
4794,Pb,82,193,0.0,9.400000000000001e-09,-14.5,5.0002758620100004e-26,4.4860941636e-47
4796,Pb,82,193,0.0,1.35e-07,-16.5,-1.424321003118e-26,7.2097941915e-48
4802,Pb,82,194,0.0,3.5000000000000004e-07,12.0,-9.596489028099999e-27,7.850664786299999e-48
4804,Pb,82,194,0.0,1.22e-07,-11.0,5.70738557987e-26,5.7678353532e-47
4808,Pb,82,195,0.0,900.0,-6.5,-5.716476990528199e-27,4.90266005022e-48
4816,Pb,82,196,0.0,2.6900000000000004e-07,12.0,-9.495473354119999e-27,1.04141471655e-47
4819,Pb,82,196,0.0,8.500000000000001e-08,-11.0,5.35383072094e-26,-5.447400055799999e-47
4821,Pb,82,197,0.0,480.0,-1.5,-5.429592476425e-27,-1.2817411896000001e-48
4824,Pb,82,197,0.0,2580.0,-6.5,-5.581115987395e-27,6.088270650600001e-48
4833,Pb,82,198,0.0,2.1200000000000002e-07,12.0,-8.73785579927e-27,1.20163236525e-47
4835,Pb,82,199,0.0,5400.0,-1.5,-5.4255518494658005e-27,1.2817411896000001e-48
4841,Pb,82,200,0.0,4.4000000000000004e-08,-7.0,-1.06066457679e-27,5.1269647584000006e-48
4844,Pb,82,200,0.0,4.800000000000001e-07,-9.0,-1.26269592475e-27,6.408705948000001e-48
4848,Pb,82,200,0.0,1.52e-07,12.0,-9.14191849519e-27,1.26571942473e-47
4851,Pb,82,201,0.0,33588.0,-2.5,3.4107942319347e-27,-1.6021764870000002e-49
4853,Pb,82,201,0.0,6.300000000000001e-08,-12.5,-3.99011912221e-27,7.3700118402e-48
4858,Pb,82,202,0.0,13032.0,-9.0,-1.1495583698924e-27,9.292623624599999e-48
4859,Pb,82,202,2208,6.5e-08,-7.0,-1.1495583698924e-27,4.4860941636e-48
4864,Pb,82,203,0.0,186840.0,-2.5,3.419380564223e-27,1.6021764870000003e-48
4867,Pb,82,203,0.0,5.6000000000000005e-08,-10.5,-3.23250156736e-27,1.3618500139499999e-47
4870,Pb,82,204,0.0,2.94e-12,2.0,1.0101567398e-28,3.6850059201e-48
4872,Pb,82,204,0.0,2.8e-07,4.0,1.136426332275e-27,7.0495765428e-48
4876,Pb,82,205,0.0,1.5x10*7y,-2.5,3.581005642591e-27,3.6850059201e-48
4879,Pb,82,205,0.0,0.00555,-6.5,-4.94976802502e-27,4.8065294609999993e-48
4881,Pb,82,205,0.0,2.1700000000000002e-07,-12.5,-4.267912225655e-27,1.00937118681e-47
4884,Pb,82,206,0.0,8.4e-12,2.0,1.5152351097e-28,8.010882435000001e-49
4886,Pb,82,206,0.0,123 s,-7.0,-7.67719122248e-28,5.2871824071000006e-48
4894,Pb,82,208,0.0,1.5e-11,-3.0,9.596489028099999e-27,-5.4474000558000006e-48
4896,Pb,82,208,4086,7.400000000000001e-16,2.0,5.5558620689000005e-28,-1.1215235409e-47
4898,Pb,82,209,0.0,11700.0,-4.5,-7.4423297804765e-27,-4.3258765149e-48
4902,Pb,82,211,0.0,2166.0,-4.5,-7.0897850782863e-27,1.4419588382999997e-48
4907,Bi,83,202,0.0,6192.0,5.0,2.1511287774041003e-26,-1.602176487e-47
4910,Bi,83,202,0.0,6192.0,6.0,2.1844639498175003e-26,-1.9386335492699999e-47
4915,Bi,83,202,0.0,3.04 s,-10.0,1.2273404388570001e-26,2.2430470818e-48
4920,Bi,83,202,0.0,3.1e-07,17.0,1.0404614419940001e-26,7.2097941915e-48
4925,Bi,83,203,0.0,42480.0,-4.5,2.333462068938e-26,-1.49002413291e-47
4933,Bi,83,204,0.0,40392.0,6.0,2.1617354231720003e-26,-1.1215235409e-47
4938,Bi,83,204,0.0,0.013000000000000001,-10.0,1.21218808776e-26,1.18561060038e-48
4942,Bi,83,205,0.0,1321920.0,-4.5,2.1011260187840002e-26,-1.2977629544699999e-47
4948,Bi,83,206,0.0,539395.2000000001,6.0,2.3233605015399997e-26,-8.6517530298e-48
4952,Bi,83,206,0.0,0.0008900000000000001,-10.0,1.3354272100156e-26,9.1324059759e-49
4956,Bi,83,207,0.0,1016154720.0000001,-4.5,2.0612248275619e-26,-1.2176541301200002e-47
4961,Bi,83,207,0.0,182 s,-10.5,1.7223172413590002e-26,8.171100083699998e-49
4964,Bi,83,208,0.0,3.7x10*5 y,5.0,2.3122487774022003e-26,-1.1215235409e-47
4970,Bi,83,209,0.0,inf,-4.5,2.07617514731094e-26,-8.267230672920001e-48
4979,Bi,83,209,0.0,1.4e-14,-4.5,1.76777429465e-26,2.4032647304999997e-48
4982,Bi,83,209,0.0,1.2e-11,-7.5,3.13148589338e-26,0.0
4985,Bi,83,210,0.0,432864.0,-1.0,-2.2481038244249e-28,3.0441353253000006e-48
4988,Bi,83,210,0.0,3.0x10*6 y,-9.0,1.378863949827e-26,-1.0574364814200001e-47
4996,Bi,83,212,0.0,3636.0,-1.0,2.07082131659e-27,1.6021764870000003e-48
5000,Bi,83,213,0.0,2736.0,-4.5,1.964754858911e-26,-1.3298064842099999e-47
5007,Po,84,200,0.0,6.1e-08,8.0,3.757783072056e-26,2.2110035520599997e-47
5013,Po,84,202,0.0,1.1e-07,8.0,3.762833855755e-26,1.9386335492699999e-47
5018,Po,84,204,0.0,1.58e-07,8.0,3.727478369862e-26,1.82648119518e-47
5023,Po,84,206,0.0,2.1200000000000002e-07,8.0,3.707275235066e-26,1.6342200167400002e-47
5029,Po,84,208,0.0,3.8e-07,8.0,3.722427586163e-26,1.4419588383e-47
5034,Po,84,209,0.0,9.81e-08,-8.5,3.914357366725e-26,-6.2484882993e-48
5040,Po,84,210,0.0,2.01e-08,-11.0,6.16195611278e-26,-1.37787177882e-47
5043,Po,84,210,0.0,5.1e-08,-13.0,3.43453291532e-26,-1.4419588383e-47
5046,Po,84,210,0.0,2.65e-07,16.0,4.969971159816e-26,-2.0828294331e-47
5051,At,85,208,2276,1.5s,-16.0,1.358660815031e-26,-2.6756347332899996e-47
5053,At,85,209,0.0,2.6e-08,-10.5,5.050783699e-26,-1.24969765986e-47
5056,At,85,209,0.0,8.900000000000001e-07,-14.5,7.768105329062e-26,-2.38724296563e-47
5058,At,85,210,0.0,2.84e-08,11.0,4.9497680250200006e-26,-1.0253929516800001e-47
5063,At,85,210,0.0,4.800000000000001e-07,-15.0,7.864070219343001e-26,1.9386335492699999e-47
5066,At,85,210,0.0,5.9 s,19.0,7.0710971786e-26,-3.46070121192e-47
5070,At,85,211,0.0,5.08e-08,-14.5,7.732749843169001e-26,-1.61819825187e-47
5073,At,85,211,0.0,4.2 s,-19.5,6.798354858854001e-26,-3.0120917955599995e-47
5080,Rn,86,203,0.0,28.0,-6.5,-4.84875235104e-27,2.0507859033600002e-47
5082,Rn,86,205,0.0,169.8,-2.5,4.050728526598e-27,9.933494219400001e-49
5086,Rn,86,207,0.0,558.0,-2.5,4.121439498384e-27,3.5247882714e-48
5089,Rn,86,208,0.0,4.900000000000001e-07,8.0,3.5254470219020005e-26,6.5689235967e-48
5092,Rn,86,209,0.0,1740.0,-2.5,4.2365973667212e-27,4.9667471096999993e-48
5095,Rn,86,210,0.0,6.44e-07,8.0,3.565853291494e-26,5.1269647584000006e-48
5101,Rn,86,210,0.0,1.05 s,-17.0,8.93988714723e-26,1.42593707343e-47
5107,Rn,86,211,0.0,5.96e-07,-8.5,3.914357366725e-26,3.0441353253000006e-48
5112,Rn,86,211,0.0,2.01e-07,-31.5,9.899536050040001e-26,2.5634823792000005e-47
5136,Rn,86,219,0.0,3.96,-2.5,-2.232446394958e-27,1.8425029600499999e-47
5139,Rn,86,221,0.0,1500.0,-3.5,-1.0101567398e-28,-7.530229488899999e-48
5142,Rn,86,223,0.0,1392.0,-3.5,-3.919408150424e-27,1.5861547221299999e-47
5145,Rn,86,225,0.0,270.0,-3.5,-3.515345454504e-27,1.66626354648e-47
5155,Fr,87,207,0.0,14.8,-4.5,1.964754858911e-26,-2.5634823792000003e-48
5157,Fr,87,208,0.0,58.6,7.0,2.399122257025e-26,0.0
5159,Fr,87,209,0.0,50.0,-4.5,1.995059561105e-26,-3.8452235688e-48
5162,Fr,87,210,0.0,192.0,6.0,2.22234482756e-26,3.0441353253000006e-48
5164,Fr,87,211,0.0,186.0,-4.5,2.0203134796e-26,-3.0441353253000006e-48
5166,Fr,87,211,0.0,1.46e-07,-14.5,7.763054545363e-26,-1.71432884109e-47
5168,Fr,87,211,0.0,1.23e-07,-22.5,1.2273404388570001e-25,-3.204352974e-47
5170,Fr,87,212,0.0,1158.0,5.0,2.333462068938e-26,-1.6021764870000003e-48
5174,Fr,87,212,0.0,6.040000000000001e-07,-15.0,7.87922257044e-26,-1.34582824908e-47
5178,Fr,87,212,0.0,3.1200000000000004e-07,-27.0,1.106121630081e-25,-2.7237000278999997e-47
5181,Fr,87,213,0.0,34.7,-4.5,2.0304150469979998e-26,-2.2430470818e-48
5192,Fr,87,213,0.0,3.1 s,-32.5,1.141477115974e-25,-3.5247882714000004e-47
5194,Fr,87,214,0.0,1.0300000000000001e-07,11.0,2.838540438838e-26,1.2817411896000002e-47
5199,Fr,87,214,0.0,1.08e-07,32.0,1.1111724137800001e-25,3.5247882714000004e-47
5205,Fr,87,220,0.0,27.4,1.0,-3.3840250783300006e-27,7.530229488899999e-48
5207,Fr,87,221,0.0,288.0,-2.5,7.98023824442e-27,-1.5701329572599997e-47
5209,Fr,87,222,0.0,852.0,-2.0,3.1819937303700002e-27,8.171100083700001e-48
5211,Fr,87,223,0.0,1308.0,-1.5,5.9094169278299995e-27,1.8745464897899999e-47
5213,Fr,87,224,0.0,198.0,-1.0,2.0203134796e-27,8.28325243779e-48
5215,Fr,87,225,0.0,234.0,-1.5,5.404338557930001e-27,2.1148729628400002e-47
5218,Fr,87,226,0.0,48.0,1.0,3.58605642629e-28,-2.16293825745e-47
5221,Fr,87,228,0.0,39.0,-2.0,-3.83859561124e-27,3.81318003906e-47
5223,Ra,88,209,0.0,4.7,-2.5,4.368927899635e-27,6.2484882993e-48
5227,Ra,88,211,0.0,13.0,-2.5,4.434588087722e-27,7.3700118402e-48
5257,Ra,88,221,0.0,30.0,-2.5,-9.091410658199999e-28,3.07617885504e-47
5261,Ra,88,223,0.0,988416.0,-1.5,1.368762382429e-27,1.9386335492699999e-47
5268,Ra,88,227,0.0,2532.0,-1.5,-2.040516614396e-27,2.45133002511e-47
5272,Ra,88,229,0.0,240.0,-2.5,2.540544200597e-27,4.790507696130001e-47
5281,Ac,89,227,0.0,687008952.0,-1.5,5.5558620689e-27,2.7237000278999997e-47
5284,Th,90,229,0.0,231632784000.0,-2.5,2.32336050154e-27,6.8893588941e-47
5291,Pa,91,231,84,4.4000000000000004e-08,-2.5,1.0152075234989999e-26,1.1215235409e-47
5294,Pa,91,233,0.0,2332800.0,-1.5,1.71726645766e-26,-4.806529461e-47
5300,U,92,233,0.0,1.6x10*5y,-2.5,2.9799623824099998e-27,5.868772471880999e-47
5301,U,92,233,40,5e-11,-3.5,2.9799623824099998e-27,1.0253929516800001e-47
5305,U,92,235,0.0,7.0x10*8y,-3.5,-2.32336050154e-27,7.908343139832e-47
5307,U,92,235,46,<60 ps,-4.5,-2.32336050154e-27,2.99607003069e-47
5312,Np,93,237,0.0,2.1x10*6y,-2.5,1.46472727271e-26,6.194014298742e-47
5315,Np,93,237,0.0,6.8e-08,-2.5,9.84902821305e-27,6.16837947495e-47
5320,Pu,94,239,8,3.6e-11,-1.5,1.025309090897e-27,-3.7154472733529996e-47
5321,Pu,94,239,57,1.01e-10,-2.5,1.025309090897e-27,-5.359280349015e-47
5322,Pu,94,239,76,8.3e-11,-3.5,1.025309090897e-27,-6.13633594521e-47
5325,Pu,94,241,0.0,454429440.0,-2.5,-3.449685266417e-27,9.613058922e-47
5332,Am,95,241,0.0,13654973520.0,-2.5,8.131761755390001e-27,6.95344595358e-47
5334,Am,95,242,0.0,57600.0,-1.0,1.9591989968421002e-27,-3.90931062828e-47
5337,Am,95,242,0.0,4796755200.0,-5.0,5.050783699e-27,1.07345824629e-46
5344,Am,95,243,0.0,232579512000.0,-2.5,8.131761755390001e-27,6.92140242384e-47
5353,Es,99,253,0.0,1762559.9999999998,-3.5,2.0708213165899998e-26,1.07345824629e-46
5356,Es,99,254,0.0,141480.0,2.0,1.46472727271e-26,5.9280530019e-47
